radius	n_rotors	spacing	profile	elevation	wind_speed	anchor_tension	autorotation_rpm	tip_speed_bem	PC1	PC2	PC3
1.5	1	15.0	uniform	45.0	10.0	2.1420510647273474	9.54929658551372	1.5	-2.79039456684958	0.36505791454637276	-1.1910943342894096
1.5	1	15.0	uniform	45.0	12.0	8.489004398844378	9.54929658551372	1.5	-2.8286594426421754	1.137128613929334	-1.1180470682821648
1.5	1	15.0	uniform	55.0	10.0	2.1420510647273474	9.54929658551372	1.5	-2.792235694427882	0.36117798262552386	-1.4108068800945406
1.5	1	15.0	uniform	55.0	12.0	8.489004398844378	9.54929658551372	1.5	-2.8305005702204773	1.133248682008485	-1.3377596140872958
1.5	1	15.0	top_draggy	45.0	10.0	2.1420510647273474	9.54929658551372	1.5	-2.7827403868540244	0.37002522173548624	-1.189227777006884
1.5	1	15.0	top_draggy	45.0	12.0	8.489004398844378	9.54929658551372	1.5	-2.8210052626466195	1.1420959211184474	-1.1161805109996392
1.5	1	15.0	top_draggy	55.0	10.0	2.1420510647273474	9.54929658551372	1.5	-2.7845815144323263	0.36614528981463734	-1.408940322812015
1.5	1	15.0	top_draggy	55.0	12.0	8.489004398844378	9.54929658551372	1.5	-2.8228463902249215	1.1382159891975985	-1.3358930568047702
1.5	1	15.0	bottom_lifty	45.0	10.0	2.1420510647273474	9.54929658551372	1.5	-2.784540969448648	0.3688256275604939	-1.189682804105699
1.5	1	15.0	bottom_lifty	45.0	12.0	8.489004398844378	9.54929658551372	1.5	-2.822805845241243	1.140896326943455	-1.1166355380984543
1.5	1	15.0	bottom_lifty	55.0	10.0	2.1420510647273474	9.54929658551372	1.5	-2.7863820970269497	0.364945695639645	-1.40939534991083
1.5	1	15.0	bottom_lifty	55.0	12.0	8.489004398844378	9.54929658551372	1.5	-2.824646972819545	1.1370163950226062	-1.3363480839035853
1.5	1	15.0	graded	45.0	10.0	2.1420510647273474	9.54929658551372	1.5	-2.7824127697323324	0.3702501073846189	-1.1891404334192563
1.5	1	15.0	graded	45.0	12.0	8.489004398844378	9.54929658551372	1.5	-2.8206776455249276	1.14232080676758	-1.1160931674120116
1.5	1	15.0	graded	55.0	10.0	2.1420510647273474	9.54929658551372	1.5	-2.7842538973106343	0.36637017546377	-1.4088529792243873
1.5	1	15.0	graded	55.0	12.0	8.489004398844378	9.54929658551372	1.5	-2.8225187731032295	1.1384408748467312	-1.3358057132171426
1.5	2	15.0	uniform	45.0	10.0	4.284102129454695	9.54929658551372	1.5	-2.7798722286945674	0.2072167084268349	-0.3133745067630418
1.5	2	15.0	uniform	45.0	12.0	31.93917310223815	9.54929658551372	1.5	-2.8181371044871626	0.9792874078097958	-0.24032724075579717
1.5	2	15.0	uniform	55.0	10.0	4.284102129454695	9.54929658551372	1.5	-2.7817133562728693	0.20333677650598578	-0.5330870525681729
1.5	2	15.0	uniform	55.0	12.0	31.93917314854344	9.54929658551372	1.5	-2.8199782320654645	0.9754074758889469	-0.4600397865609282
1.5	2	15.0	top_draggy	45.0	10.0	2.858965388811022	9.54929658551372	1.5	-2.7722180486990116	0.21218401561594838	-0.31150794948051636
1.5	2	15.0	top_draggy	45.0	12.0	33.74647645425453	9.54929658551372	1.5	-2.8104829244916067	0.9842547149989093	-0.23846068347327173
1.5	2	15.0	top_draggy	55.0	10.0	2.858965388811022	9.54929658551372	1.5	-2.7740591762773135	0.20830408369509926	-0.5312204952856475
1.5	2	15.0	top_draggy	55.0	12.0	32.64080715749169	9.54929658551372	1.5	-2.8123240520699087	0.9803747830780604	-0.45817322927840276
1.5	2	15.0	bottom_lifty	45.0	10.0	0.2372276127226271	9.54929658551372	1.5	-2.774018631293635	0.21098442144095608	-0.31196297657933136
1.5	2	15.0	bottom_lifty	45.0	12.0	33.450905080654366	9.54929658551372	1.5	-2.81228350708623	0.983055120823917	-0.23891571057208671
1.5	2	15.0	bottom_lifty	55.0	10.0	0.2372276127226271	9.54929658551372	1.5	-2.775859758871937	0.20710448952010696	-0.5316755223844625
1.5	2	15.0	bottom_lifty	55.0	12.0	33.45090508456907	9.54929658551372	1.5	-2.814124634664532	0.9791751889030681	-0.45862825637721777
1.5	2	15.0	graded	45.0	10.0	0.4149143333191389	9.54929658551372	1.5	-2.7718904315773196	0.21240890126508102	-0.31142060589288856
1.5	2	15.0	graded	45.0	12.0	33.18859556535966	9.54929658551372	1.5	-2.810155307369915	0.984479600648042	-0.2383733398856439
1.5	2	15.0	graded	55.0	10.0	0.4149143333191389	9.54929658551372	1.5	-2.7737315591556215	0.2085289693442319	-0.5311331516980197
1.5	2	15.0	graded	55.0	12.0	33.188595578056905	9.54929658551372	1.5	-2.8119964349482167	0.9805996687271931	-0.45808588569077496
1.5	3	15.0	uniform	45.0	10.0	6.426153194182042	9.54929658551372	1.5	-2.7693498905395546	0.049375502307297016	0.5643453207633256
1.5	3	15.0	uniform	45.0	12.0	55.38930796705079	9.54929658551372	1.5	-2.80761476633215	0.8214462016902581	0.6373925867705702
1.5	3	15.0	uniform	55.0	10.0	6.426153194182042	9.54929658551372	1.5	-2.7711910181178565	0.045495570386447894	0.3446327749581946
1.5	3	15.0	uniform	55.0	12.0	55.3892904065482	9.54929658551372	1.5	-2.8094558939104517	0.8175662697694092	0.41768004096543926
1.5	3	15.0	top_draggy	45.0	10.0	5.001016453538369	9.54929658551372	1.5	-2.7616957105439988	0.05434280949641051	0.5662118780458509
1.5	3	15.0	top_draggy	45.0	12.0	57.19660771682669	9.54929658551372	1.5	-2.799960586336594	0.8264135088793715	0.6392591440530956
1.5	3	15.0	top_draggy	55.0	10.0	5.001016453538369	9.54929658551372	1.5	-2.7635368381223007	0.050462877575561386	0.34649933224072005
1.5	3	15.0	top_draggy	55.0	12.0	56.09090792056576	9.54929658551372	1.5	-2.801801713914896	0.8225335769585226	0.4195465982479647
1.5	3	15.0	bottom_lifty	45.0	10.0	2.3792786774499746	9.54929658551372	1.5	-2.763496293138622	0.0531432153214182	0.565756850947036
1.5	3	15.0	bottom_lifty	45.0	12.0	56.901064278389896	9.54929658551372	1.5	-2.8017611689312174	0.8252139147043792	0.6388041169542806
1.5	3	15.0	bottom_lifty	55.0	10.0	2.3792786774499746	9.54929658551372	1.5	-2.765337420716924	0.049263283400569076	0.34604430514190504
1.5	3	15.0	bottom_lifty	55.0	12.0	56.90105768443046	9.54929658551372	1.5	-2.8036022965095193	0.8213339827835303	0.4190915711491497
1.5	3	15.0	graded	45.0	10.0	1.7201471271657596	9.54929658551372	1.5	-2.761368093422307	0.054567695145543146	0.5662992216334788
1.5	3	15.0	graded	45.0	12.0	57.157560964603135	9.54929658551372	1.5	-2.799632969214902	0.8266383945285042	0.6393464876407234
1.5	3	15.0	graded	55.0	10.0	1.7201471271657596	9.54929658551372	1.5	-2.7632092210006087	0.050687763224694024	0.34658667582834785
1.5	3	15.0	graded	55.0	12.0	57.15755338970186	9.54929658551372	1.5	-2.801474096793204	0.8227584626076553	0.4196339418355925
1.5	4	15.0	uniform	45.0	10.0	8.56820425890939	9.54929658551372	1.5	-2.758827552384542	-0.10846570381224077	1.4420651482896933
1.5	4	15.0	uniform	45.0	12.0	78.83650273747833	9.54929658551372	1.5	-2.797092428177137	0.6636049955707201	1.515112414296938
1.5	4	15.0	uniform	55.0	10.0	8.56820425890939	9.54929658551372	1.5	-2.7606686799628437	-0.1123456357330899	1.2223526024845621
1.5	4	15.0	uniform	55.0	12.0	78.83575397968562	9.54929658551372	1.5	-2.798933555755439	0.6597250636498712	1.2953998684918069
1.5	4	15.0	top_draggy	45.0	10.0	6.686353250240941	9.54929658551372	1.5	-2.751173372388986	-0.10349839662312728	1.443931705572219
1.5	4	15.0	top_draggy	45.0	12.0	80.47532414706073	9.54929658551372	1.5	-2.789438248181581	0.6685723027598335	1.5169789715794637
1.5	4	15.0	top_draggy	55.0	10.0	6.686353250240941	9.54929658551372	1.5	-2.753014499967288	-0.1073783285439764	1.2242191597670877
1.5	4	15.0	top_draggy	55.0	12.0	79.36870492490894	9.54929658551372	1.5	-2.791279375759883	0.6646923708389846	1.2972664257743325
1.5	4	15.0	bottom_lifty	45.0	10.0	4.064615474152546	9.54929658551372	1.5	-2.7529739549836094	-0.10469799079811959	1.4434766784734039
1.5	4	15.0	bottom_lifty	45.0	12.0	80.18359698268122	9.54929658551372	1.5	-2.7912388307762046	0.6673727085848412	1.5165239444806486
1.5	4	15.0	bottom_lifty	55.0	10.0	4.064615474152546	9.54929658551372	1.5	-2.7548150825619113	-0.10857792271896871	1.2237641326682727
1.5	4	15.0	bottom_lifty	55.0	12.0	80.18314236795801	9.54929658551372	1.5	-2.7930799583545065	0.6634927766639923	1.2968113986755174
1.5	4	15.0	graded	45.0	10.0	2.7793073835928013	9.54929658551372	1.5	-2.750845755267294	-0.10327351097399465	1.4440190491598466
1.5	4	15.0	graded	45.0	12.0	81.03100573018187	9.54929658551372	1.5	-2.789110631059889	0.6687971884089662	1.5170663151670913
1.5	4	15.0	graded	55.0	10.0	2.7793073835928013	9.54929658551372	1.5	-2.752686882845596	-0.10715344289484377	1.2243065033547154
1.5	4	15.0	graded	55.0	12.0	81.03048251572054	9.54929658551372	1.5	-2.790951758638191	0.6649172564881173	1.2973537693619601
2.0	1	15.0	uniform	45.0	8.0	92.57913621711624	123.9241564766111	25.954614639282227	0.22991783608163863	0.06329223279451271	-1.1489678346953056
2.0	1	15.0	uniform	45.0	10.0	145.73237088135008	146.91781528600004	30.77039527893066	0.7089161756467175	1.0009034690663217	-1.0244381356585066
2.0	1	15.0	uniform	45.0	12.0	210.9376610685794	170.0915907372617	35.62389945983887	1.1919664024771877	1.9398114370086057	-0.8995051583513989
2.0	1	15.0	uniform	55.0	8.0	92.5955880852773	123.93419230123156	25.956716537475582	0.22830247348293287	0.05948455278492165	-1.368657910450185
2.0	1	15.0	uniform	55.0	10.0	145.755639410314	146.92890751321215	30.77271842956543	0.7073245777827067	0.9971033945210739	-1.2441258461449387
2.0	1	15.0	uniform	55.0	12.0	211.005633645862	170.1180008020524	35.62943077087402	1.1907193932662448	1.9361216416963305	-1.1191585724453412
2.0	1	15.0	top_draggy	45.0	8.0	92.57913621711624	123.9241564766111	25.954614639282227	0.23757201607719444	0.0682595399836262	-1.14710127741278
2.0	1	15.0	top_draggy	45.0	10.0	145.73237088135008	146.91781528600004	30.77039527893066	0.7165703556422733	1.005870776255435	-1.022571578375981
2.0	1	15.0	top_draggy	45.0	12.0	210.9376610685794	170.0915907372617	35.62389945983887	1.1996205824727435	1.9447787441977191	-0.8976386010688735
2.0	1	15.0	top_draggy	55.0	8.0	92.5955880852773	123.93419230123156	25.956716537475582	0.23595665347848868	0.06445185997403514	-1.3667913531676594
2.0	1	15.0	top_draggy	55.0	10.0	145.755639410314	146.92890751321215	30.77271842956543	0.7149787577782626	1.0020707017101873	-1.242259288862413
2.0	1	15.0	top_draggy	55.0	12.0	211.005633645862	170.1180008020524	35.62943077087402	1.1983735732618006	1.941088948885444	-1.1172920151628156
2.0	1	15.0	bottom_lifty	45.0	8.0	92.57913621711624	123.9241564766111	25.954614639282227	0.23577143348257096	0.06705994580863389	-1.147556304511595
2.0	1	15.0	bottom_lifty	45.0	10.0	145.73237088135008	146.91781528600004	30.77039527893066	0.7147697730476499	1.0046711820804428	-1.023026605474796
2.0	1	15.0	bottom_lifty	45.0	12.0	210.9376610685794	170.0915907372617	35.62389945983887	1.19781999987812	1.9435791500227269	-0.8980936281676885
2.0	1	15.0	bottom_lifty	55.0	8.0	92.5955880852773	123.93419230123156	25.956716537475582	0.2341560708838652	0.06325226579904283	-1.3672463802664745
2.0	1	15.0	bottom_lifty	55.0	10.0	145.755639410314	146.92890751321215	30.77271842956543	0.7131781751836391	1.000871107535195	-1.2427143159612282
2.0	1	15.0	bottom_lifty	55.0	12.0	211.005633645862	170.1180008020524	35.62943077087402	1.1965729906671771	1.9398893547104517	-1.1177470422616307
2.0	1	15.0	graded	45.0	8.0	92.57913621711624	123.9241564766111	25.954614639282227	0.2378996331988865	0.06848442563275883	-1.1470139338251524
2.0	1	15.0	graded	45.0	10.0	145.73237088135008	146.91781528600004	30.77039527893066	0.7168979727639654	1.0060956619045678	-1.0224842347883534
2.0	1	15.0	graded	45.0	12.0	210.9376610685794	170.0915907372617	35.62389945983887	1.1999481995944357	1.9450036298468518	-0.8975512574812456
2.0	1	15.0	graded	55.0	8.0	92.5955880852773	123.93419230123156	25.956716537475582	0.23628427060018073	0.06467674562316778	-1.3667040095800318
2.0	1	15.0	graded	55.0	10.0	145.755639410314	146.92890751321215	30.77271842956543	0.7153063748999546	1.00229558735932	-1.2421719452747855
2.0	1	15.0	graded	55.0	12.0	211.005633645862	170.1180008020524	35.62943077087402	1.1987011903834928	1.9413138345345766	-1.117204671575188
2.0	2	15.0	uniform	45.0	6.0	45.40105425186299	101.39267380105969	21.235631942749023	-0.2281610938996406	-1.0288328189467897	-0.3947429012599303
2.0	2	15.0	uniform	45.0	8.0	185.2049224953646	123.95267934658509	25.960588455200195	0.24108182207339965	-0.09434362578776519	-0.271184144920854
2.0	2	15.0	uniform	45.0	10.0	291.30702065306207	146.91781528600004	30.77039527893066	0.7194385138017303	0.8430622629467839	-0.14671830813213918
2.0	2	15.0	uniform	45.0	12.0	422.26997959270807	170.24424091175203	35.65587043762207	1.205922744795537	1.7830692204866254	-0.021443549534359254
2.0	2	15.0	uniform	55.0	6.0	43.07305144083762	101.087373452079	21.171689987182617	-0.23687022980461575	-1.0349107300627538	-0.6151390096464057
2.0	2	15.0	uniform	55.0	8.0	185.2239604613198	123.95426395047252	25.960920333862305	0.23927634159713915	-0.09821214951209992	-0.49089314282331376
2.0	2	15.0	uniform	55.0	10.0	291.253354100544	146.88084119529304	30.762651443481445	0.7167656205091257	0.8389161397739313	-0.36651363833293465
2.0	2	15.0	uniform	55.0	12.0	421.7562805221687	170.10743677613613	35.62721824645996	1.2010040840743141	1.7782043809333632	-0.24146239760344904
2.0	2	15.0	top_draggy	45.0	6.0	85.5934624547437	103.17957878479952	21.60988044738769	-0.1803088651685569	-1.011000868821561	-0.38887549239836
2.0	2	15.0	top_draggy	45.0	8.0	179.49124669817712	127.54391995682664	26.712736129760746	0.32952421766246914	-0.06352154256476215	-0.2612768575508541
2.0	2	15.0	top_draggy	45.0	10.0	281.1473480222373	151.23216347021142	31.673990249633796	0.8241478702890974	0.8790902865125426	-0.1351919945097855
2.0	2	15.0	top_draggy	45.0	12.0	419.5011903485881	178.37906906858836	37.3596248626709	1.396577264305095	1.8466024058486956	-0.0013632425714109795
2.0	2	15.0	top_draggy	55.0	6.0	38.92896515130729	98.58211470603167	20.64698982238769	-0.2855741181367606	-1.047979781562968	-0.6188816864872649
2.0	2	15.0	top_draggy	55.0	8.0	179.5009250423592	127.54391995682664	26.712736129760746	0.3276830900841672	-0.06740147448561128	-0.48098940335598517
2.0	2	15.0	top_draggy	55.0	10.0	281.12985831292576	151.23110706761975	31.673768997192383	0.8222829779761001	0.8752027491273502	-0.3549069055833642
2.0	2	15.0	top_draggy	55.0	12.0	419.5740284703376	178.37906906858836	37.3596248626709	1.3947361367267932	1.8427224739278467	-0.221075788376542
2.0	2	15.0	bottom_lifty	45.0	6.0	47.63177963768764	103.61692945773378	21.701478958129883	-0.17227084759971067	-1.009051800758568	-0.3883512983598858
2.0	2	15.0	bottom_lifty	45.0	8.0	98.40874380788728	127.54391995682664	26.712736129760746	0.32772363506784563	-0.06472113673975446	-0.2617318846496691
2.0	2	15.0	bottom_lifty	45.0	10.0	281.21474860563626	151.23850188576117	31.675317764282223	0.8224898761026394	0.8779363251236079	-0.13563282999791518
2.0	2	15.0	bottom_lifty	45.0	12.0	419.9560993368647	178.43136099687396	37.37057685852051	1.3959530360778427	1.8457792821586796	-0.0017011888820718532
2.0	2	15.0	bottom_lifty	55.0	6.0	47.63178238237008	103.61692945773378	21.701478958129883	-0.17411197517801263	-1.012931732679417	-0.6080638441650168
2.0	2	15.0	bottom_lifty	55.0	8.0	162.13677154121092	127.54391995682664	26.712736129760746	0.32588250748954367	-0.06860106866060359	-0.4814444304548002
2.0	2	15.0	bottom_lifty	55.0	10.0	281.30478029999665	151.22846606114072	31.67321586608887	0.8204229835447416	0.8739841412915008	-0.35536784585329795
2.0	2	15.0	bottom_lifty	55.0	12.0	419.7293371582649	178.3737870556302	37.35851860046387	1.3928167304586978	1.8414848524311396	-0.22154264181759478
2.0	2	15.0	graded	45.0	6.0	47.47503214395497	103.42466418605736	21.661211013793945	-0.1744678295977707	-1.0090115154448618	-0.38823940653089867
2.0	2	15.0	graded	45.0	8.0	185.9008454756018	127.54391995682664	26.712736129760746	0.32985183478416114	-0.06329665691562952	-0.2611895139632263
2.0	2	15.0	graded	45.0	10.0	290.55164588511315	151.26227094407284	31.68029594421387	0.8251527823495788	0.8795319278954495	-0.13503724077140228
2.0	2	15.0	graded	45.0	12.0	433.3557130894186	178.45196084741073	37.37489128112793	1.3985446481206987	1.8473520685374922	-0.001112695460901654
2.0	2	15.0	graded	55.0	6.0	47.597355751528966	103.57467335406862	21.692628860473636	-0.17293436484947183	-1.0118114714290105	-0.6076160842164764
2.0	2	15.0	graded	55.0	8.0	166.14836840380008	127.54391995682664	26.712736129760746	0.3280107072058592	-0.06717658883647865	-0.48090205976835737
2.0	2	15.0	graded	55.0	10.0	290.40158783711126	151.23057886632395	31.67365837097168	0.8225987127304453	0.8754238320443115	-0.35482074462996005
2.0	2	15.0	graded	55.0	12.0	433.1517377270099	178.3547718089809	37.35453605651856	1.394517164950515	1.8427724338970912	-0.221042845963208
2.0	3	15.0	uniform	45.0	6.0	88.49922649956592	101.39267380105969	21.235631942749023	-0.2176387557446277	-1.1866740250663275	0.48297692626643723
2.0	3	15.0	uniform	45.0	8.0	277.68924254157184	123.95267934658509	25.960588455200195	0.25160416022841253	-0.25218483190730306	0.6065356826055136
2.0	3	15.0	uniform	45.0	10.0	436.56193210163866	146.91781528600004	30.77039527893066	0.7299608519567432	0.6852210568272461	0.7310015193942283
2.0	3	15.0	uniform	45.0	12.0	633.8059852971097	170.3831578525512	35.68496513366699	1.2195701455628596	1.6262281329281865	0.8565873107928622
2.0	3	15.0	uniform	55.0	6.0	88.2699547820275	101.19882392549582	21.195032119750977	-0.2238407121393469	-1.1919495596941094	0.26283035370117924
2.0	3	15.0	uniform	55.0	8.0	277.807543465275	123.95426395047252	25.960920333862305	0.24979867975215203	-0.2560533556316377	0.38682668470305387
2.0	3	15.0	uniform	55.0	10.0	436.5628407269279	146.89087701991352	30.764753341674805	0.7275137236437352	0.6811471855656516	0.5112286592436847
2.0	3	15.0	uniform	55.0	12.0	632.4123975030984	170.10954958131936	35.62766075134277	1.2115739516987154	1.6203783857425111	0.6362621604598135
2.0	3	15.0	top_draggy	45.0	6.0	126.79965771862784	103.17957878479952	21.60988044738769	-0.16978652701354402	-1.1688420749410988	0.4888443351280075
2.0	3	15.0	top_draggy	45.0	8.0	272.26727952570843	127.54391995682664	26.712736129760746	0.340046555817482	-0.22136274868430006	0.6164429699755135
2.0	3	15.0	top_draggy	45.0	10.0	426.44815767270615	151.23057886632395	31.67365837097168	0.834634561342068	0.72123767219649	0.7425242851139106
2.0	3	15.0	top_draggy	45.0	12.0	629.9400403884448	178.37906906858836	37.3596248626709	1.407099602460108	1.6887611997291576	0.8763565849549565
2.0	3	15.0	top_draggy	55.0	6.0	84.35494339348934	101.13966538036462	21.182641983032227	-0.21751735728667573	-1.1874081585082017	0.2645644559506414
2.0	3	15.0	top_draggy	55.0	8.0	272.3408209603835	127.54391995682664	26.712736129760746	0.33820542823918004	-0.22524268060514918	0.39673042417038246
2.0	3	15.0	top_draggy	55.0	10.0	426.4456695155351	151.23057886632395	31.67365837097168	0.832793433763766	0.7173577402756409	0.5228117393087796
2.0	3	15.0	top_draggy	55.0	12.0	629.1080989524606	178.37906906858836	37.3596248626709	1.405258474881806	1.6848812678083087	0.6566440391498255
2.0	3	15.0	bottom_lifty	45.0	6.0	94.97238462178868	103.53822746465744	21.68499565124512	-0.16351898217942826	-1.1674596139716562	0.4891923166671386
2.0	3	15.0	bottom_lifty	45.0	8.0	191.04020058756112	127.54391995682664	26.712736129760746	0.3382459732228585	-0.22256234285929236	0.6159879428766986
2.0	3	15.0	bottom_lifty	45.0	10.0	427.1770401437601	151.34361394362824	31.697332382202152	0.8353768053597428	0.7208518627061946	0.7423223417389844
2.0	3	15.0	bottom_lifty	45.0	12.0	631.3108059541789	178.58665217784338	37.40310096740723	1.409968790232928	1.6890560792975564	0.8763663331060868
2.0	3	15.0	bottom_lifty	55.0	6.0	92.79570554309524	103.39772591997082	21.65556907653809	-0.1685208194720816	-1.1723510726501187	0.2691651901584823
2.0	3	15.0	bottom_lifty	55.0	8.0	254.76295998956675	127.54391995682664	26.712736129760746	0.3364048456445565	-0.22644227478014148	0.39627539707156745
2.0	3	15.0	bottom_lifty	55.0	10.0	426.7744927835978	151.13074882141507	31.65275001525879	0.8287470837405249	0.7154394297202392	0.5221331943416704
2.0	3	15.0	bottom_lifty	55.0	12.0	630.3169781563831	178.2581109718469	37.33429145812988	1.4007368301646772	1.6828108479660475	0.6559181888137651
2.0	3	15.0	graded	45.0	6.0	91.76502591839942	103.46797669231414	21.6702823638916	-0.16297113732028853	-1.1665408975263383	0.48957739700181874
2.0	3	15.0	graded	45.0	8.0	280.7030384414367	127.54391995682664	26.712736129760746	0.340374172939174	-0.22113786303516741	0.6165303135631414
2.0	3	15.0	graded	45.0	10.0	439.7560503678643	151.36315739157337	31.701425552368164	0.8379446526679039	0.7224170436206643	0.742908469891707
2.0	3	15.0	graded	45.0	12.0	649.4453411701356	178.62573907373366	37.41128730773926	1.4129762851329357	1.6907619613023712	0.8769962187250891
2.0	3	15.0	graded	55.0	6.0	93.82139459396214	103.52132502319138	21.681455612182617	-0.16361214579652483	-1.1700367534978677	0.26998429725328943
2.0	3	15.0	graded	55.0	8.0	260.9364184352464	127.54391995682664	26.712736129760746	0.33853304536087203	-0.22501779495601654	0.39681776775801025
2.0	3	15.0	graded	55.0	10.0	439.3379542668862	151.173533126376	31.661710739135746	0.831837755211962	0.7171719308502538	0.5227713584002392
2.0	3	15.0	graded	55.0	12.0	648.2700190973505	178.22853169928126	37.32809638977051	1.4021996173095501	1.6840223747885696	0.6563943319836762
2.0	4	15.0	uniform	45.0	6.0	131.7916009270774	101.39267380105969	21.235631942749023	-0.20711641758961483	-1.3445152311858655	1.3606967537928047
2.0	4	15.0	uniform	45.0	8.0	370.13939420087655	123.96799718416368	25.963796615600582	0.26247108703649324	-0.4099157587938682	1.4842898065243708
2.0	4	15.0	uniform	45.0	10.0	581.5298629853861	146.91781528600004	30.77039527893066	0.7404831901117561	0.5273798507077082	1.608721346920596
2.0	4	15.0	uniform	45.0	12.0	845.3287859778952	170.4645008521066	35.70200157165527	1.231922368289339	1.4689725475630568	1.7344892639896918
2.0	4	15.0	uniform	55.0	6.0	133.71665099165776	101.43598630731644	21.24470329284668	-0.2079831910454478	-1.348083339068653	1.1410811839940234
2.0	4	15.0	uniform	55.0	8.0	370.2212655436345	123.95426395047252	25.960920333862305	0.26032101790716494	-0.4138945617511756	1.2645465122294213
2.0	4	15.0	uniform	55.0	10.0	581.7186008509708	146.89140522120934	30.764863967895508	0.7380479441660954	0.5233097821782853	1.3889496694042758
2.0	4	15.0	uniform	55.0	12.0	842.1248089396881	170.10902138002356	35.62755012512207	1.2220844074863813	1.4625333768908018	1.5139808053519574
2.0	4	15.0	top_draggy	45.0	6.0	172.39647423109324	103.17957878479952	21.60988044738769	-0.15926418885853114	-1.3266832810606368	1.3665641626543752
2.0	4	15.0	top_draggy	45.0	8.0	364.78935985914495	127.54391995682664	26.712736129760746	0.3505688939724949	-0.3792039548038379	1.4941627975018814
2.0	4	15.0	top_draggy	45.0	10.0	571.0618342466432	151.23057886632395	31.67365837097168	0.845156899497081	0.5633964660769522	1.6202441126402782
2.0	4	15.0	top_draggy	45.0	12.0	838.7018250698693	178.37906906858836	37.3596248626709	1.417621940615121	1.53091999360962	1.7540764124813244
2.0	4	15.0	top_draggy	55.0	6.0	123.45947397239117	102.18180653700628	21.40090751647949	-0.18355110835566615	-1.3377465740534105	1.1446176208005252
2.0	4	15.0	top_draggy	55.0	8.0	366.0035319149004	127.54391995682664	26.712736129760746	0.34872776639419295	-0.383083886724687	1.2744502516967502
2.0	4	15.0	top_draggy	55.0	10.0	568.7227591479411	151.23057886632395	31.67365837097168	0.8433157719187789	0.5595165341561031	1.400531566835147
2.0	4	15.0	top_draggy	55.0	12.0	834.5970243985325	178.37906906858836	37.3596248626709	1.415780813036819	1.527040061688771	1.5343638666761932
2.0	4	15.0	bottom_lifty	45.0	6.0	137.5374324483613	103.44209482881924	21.66486167907715	-0.15515923488160327	-1.3259929173464038	1.3666969047647786
2.0	4	15.0	bottom_lifty	45.0	8.0	290.9858934213717	127.54391995682664	26.712736129760746	0.3487683113778714	-0.3804035489788302	1.4937077704030663
2.0	4	15.0	bottom_lifty	45.0	10.0	572.5114091831804	151.51105375440136	31.73240089416504	0.8496658539638129	0.5642161226850155	1.62041706431429
2.0	4	15.0	bottom_lifty	45.0	12.0	841.4009547883652	178.7097230797681	37.428876876831055	1.4232597199798351	1.5321009097739737	1.754361714406595
2.0	4	15.0	bottom_lifty	55.0	6.0	135.81059303668962	103.60530902922584	21.69904518127441	-0.1533287109496254	-1.3286978050262657	1.1473497929347949
2.0	4	15.0	bottom_lifty	55.0	8.0	354.11092299077217	128.02669594120093	26.8138484954834	0.3577876675548966	-0.38080778369494706	1.2750761522784693
2.0	4	15.0	bottom_lifty	55.0	10.0	571.1678509774183	150.97915504951635	31.621000289916992	0.8358591824668954	0.5565068394674867	1.399513605845813
2.0	4	15.0	bottom_lifty	55.0	12.0	838.9819179529475	178.1038761934691	37.30198860168457	1.4077895170543118	1.5238592440524374	1.5332926871467891
2.0	4	15.0	graded	45.0	6.0	138.362988748397	103.47854071823042	21.672494888305664	-0.15221115181833197	-1.3243060490024465	1.3673208772126617
2.0	4	15.0	graded	45.0	8.0	375.2477868048485	127.54391995682664	26.712736129760746	0.3508965110941869	-0.37897906915470525	1.494250141089509
2.0	4	15.0	graded	45.0	10.0	587.6144251200462	151.54274583215022	31.739038467407223	0.8525069957209593	0.5658687664394293	1.6210303930541596
2.0	4	15.0	graded	45.0	12.0	865.2665601909191	178.76095860546212	37.43960762023926	1.4265405093288281	1.5338942546187322	1.7550188006127443
2.0	4	15.0	graded	55.0	6.0	138.37356531281677	103.5551299061235	21.688535690307617	-0.15232933613129204	-1.327634584758431	1.1477798133699786
2.0	4	15.0	graded	55.0	8.0	355.40956594555723	127.54391995682664	26.712736129760746	0.34905538351588494	-0.3828590010755544	1.2745375952843778
2.0	4	15.0	graded	55.0	10.0	586.3182119901053	150.95380138731727	31.61569023132324	0.8374170285505459	0.5577487881473806	1.3999992100895144
2.0	4	15.0	graded	55.0	12.0	862.5348716596735	178.05739447943745	37.292253494262695	1.4088720684440752	1.5249490834454724	1.5337309860215391
3.0	1	15.0	uniform	45.0	6.0	82.48890931703657	66.80921305199404	20.98873329162598	0.12277040225264037	-1.7686532510401705	-1.6218436428231058
3.0	1	15.0	uniform	45.0	8.0	157.08215843540117	83.03333477119995	26.085691452026367	0.5405131968184836	-0.8634668884827674	-1.5096741556318658
3.0	1	15.0	uniform	45.0	10.0	238.90991659149887	99.27337538463144	31.187650680541992	0.9587034200954847	0.04185008540747181	-1.3974662822332444
3.0	1	15.0	uniform	45.0	12.0	340.7781500938117	115.53141126979618	36.29526329040527	1.377399432350316	0.947314706891352	-1.2852150157306266
3.0	1	15.0	uniform	55.0	6.0	82.43054505533814	66.7877571510813	20.981992721557617	0.12032621858538665	-1.7727092243226683	-1.841607926559925
3.0	1	15.0	uniform	55.0	8.0	157.20668014190153	83.0644804338152	26.09547615051269	0.5395474732402724	-0.8670912764915457	-1.729311597987772
3.0	1	15.0	uniform	55.0	10.0	238.89624553915365	99.27060688128786	31.18678092956543	0.9567844788282859	0.03794743847221648	-1.6171855039005292
3.0	1	15.0	uniform	55.0	12.0	340.8119988279227	115.53694827648334	36.2970027923584	1.375713932149808	0.9434802049993155	-1.504914209811451
3.0	1	15.0	top_draggy	45.0	6.0	82.48890931703657	66.80921305199404	20.98873329162598	0.1304245822481962	-1.763685943851057	-1.6199770855405802
3.0	1	15.0	top_draggy	45.0	8.0	157.08215843540117	83.03333477119995	26.085691452026367	0.5481673768140395	-0.858499581293654	-1.5078075983493402
3.0	1	15.0	top_draggy	45.0	10.0	238.90991659149887	99.27337538463144	31.187650680541992	0.9663576000910405	0.0468173925965853	-1.3955997249507188
3.0	1	15.0	top_draggy	45.0	12.0	340.7781500938117	115.53141126979618	36.29526329040527	1.3850536123458719	0.9522820140804654	-1.283348458448101
3.0	1	15.0	top_draggy	55.0	6.0	82.43054505533814	66.7877571510813	20.981992721557617	0.12798039858094248	-1.7677419171335549	-1.8397413692773994
3.0	1	15.0	top_draggy	55.0	8.0	157.20668014190153	83.0644804338152	26.09547615051269	0.5472016532358283	-0.8621239693024323	-1.7274450407052464
3.0	1	15.0	top_draggy	55.0	10.0	238.89624553915365	99.27060688128786	31.18678092956543	0.9644386588238417	0.042914745661329974	-1.6153189466180036
3.0	1	15.0	top_draggy	55.0	12.0	340.8119988279227	115.53694827648334	36.2970027923584	1.3833681121453638	0.9484475121884289	-1.5030476525289254
3.0	1	15.0	bottom_lifty	45.0	6.0	82.48890931703657	66.80921305199404	20.98873329162598	0.1286239996535727	-1.7648855380260493	-1.6204321126393952
3.0	1	15.0	bottom_lifty	45.0	8.0	157.08215843540117	83.03333477119995	26.085691452026367	0.546366794219416	-0.8596991754686463	-1.5082626254481553
3.0	1	15.0	bottom_lifty	45.0	10.0	238.90991659149887	99.27337538463144	31.187650680541992	0.9645570174964171	0.04561779842159299	-1.3960547520495339
3.0	1	15.0	bottom_lifty	45.0	12.0	340.7781500938117	115.53141126979618	36.29526329040527	1.3832530297512484	0.9510824199054732	-1.283803485546916
3.0	1	15.0	bottom_lifty	55.0	6.0	82.43054505533814	66.7877571510813	20.981992721557617	0.126179815986319	-1.7689415113085472	-1.8401963963762145
3.0	1	15.0	bottom_lifty	55.0	8.0	157.20668014190153	83.0644804338152	26.09547615051269	0.5454010706412048	-0.8633235634774246	-1.7279000678040615
3.0	1	15.0	bottom_lifty	55.0	10.0	238.89624553915365	99.27060688128786	31.18678092956543	0.9626380762292183	0.041715151486337664	-1.6157739737168186
3.0	1	15.0	bottom_lifty	55.0	12.0	340.8119988279227	115.53694827648334	36.2970027923584	1.3815675295507404	0.9472479180134367	-1.5035026796277404
3.0	1	15.0	graded	45.0	6.0	82.48890931703657	66.80921305199404	20.98873329162598	0.13075219936988824	-1.7634610582019243	-1.6198897419529525
3.0	1	15.0	graded	45.0	8.0	157.08215843540117	83.03333477119995	26.085691452026367	0.5484949939357315	-0.8582746956445213	-1.5077202547617126
3.0	1	15.0	graded	45.0	10.0	238.90991659149887	99.27337538463144	31.187650680541992	0.9666852172127326	0.04704227824571794	-1.3955123813630912
3.0	1	15.0	graded	45.0	12.0	340.7781500938117	115.53141126979618	36.29526329040527	1.385381229467564	0.9525068997295981	-1.2832611148604733
3.0	1	15.0	graded	55.0	6.0	82.43054505533814	66.7877571510813	20.981992721557617	0.12830801570263453	-1.7675170314844222	-1.8396540256897718
3.0	1	15.0	graded	55.0	8.0	157.20668014190153	83.0644804338152	26.09547615051269	0.5475292703575203	-0.8618990836532996	-1.7273576971176188
3.0	1	15.0	graded	55.0	10.0	238.89624553915365	99.27060688128786	31.18678092956543	0.9647662759455338	0.04313963131046261	-1.615231603030376
3.0	1	15.0	graded	55.0	12.0	340.8119988279227	115.53694827648334	36.2970027923584	1.383695729267056	0.9486723978375616	-1.5029603089412977
3.0	2	15.0	uniform	45.0	6.0	165.38657939920853	66.95940435838317	21.03591728210449	0.13751413303031323	-1.9252621676281672	-0.7437616497749204
3.0	2	15.0	uniform	45.0	8.0	314.1094968374697	83.03333477119995	26.085691452026367	0.5510355349734966	-1.0213080946023052	-0.6319543281054983
3.0	2	15.0	uniform	45.0	10.0	478.1862459415606	99.33566670986195	31.20722007751465	0.9709765662506793	-0.11548003288792463	-0.5195962478084274
3.0	2	15.0	uniform	45.0	12.0	682.0130925337844	115.59716322420616	36.31591987609863	1.3897698456166316	0.7900129823639633	-0.4073366364781178
3.0	2	15.0	uniform	55.0	6.0	164.91559914466075	66.80782880032224	20.98829841613769	0.13141270598490246	-1.9303857465877605	-0.9638396990329458
3.0	2	15.0	uniform	55.0	8.0	314.1732961028525	83.04440878457426	26.089170455932617	0.5495056621507826	-1.0250971664655293	-0.851640170462016
3.0	2	15.0	uniform	55.0	10.0	477.65110608712166	99.28237302049808	31.19047737121582	0.9676375251611111	-0.11979722883609463	-0.7394373039600097
3.0	2	15.0	uniform	55.0	12.0	681.1587665780173	115.54110103149873	36.29830741882324	1.3863529908381667	0.7856730714013871	-0.6271843684918534
3.0	2	15.0	top_draggy	45.0	6.0	169.20892849112818	69.20535269586122	21.74150276184082	0.208294668143532	-1.9018673050019537	-0.7364792993205139
3.0	2	15.0	top_draggy	45.0	8.0	303.1663539911045	85.62050114577406	26.898473739624023	0.6314066072432661	-0.9951136064505167	-0.6238491776406951
3.0	2	15.0	top_draggy	45.0	10.0	461.1592278823281	102.89596200970392	32.32571983337402	1.0786991501677323	-0.08130121717232625	-0.509144531796732
3.0	2	15.0	top_draggy	45.0	12.0	679.4338143143298	122.02562798799546	38.33548164367676	1.5781074112309403	0.8477245530044748	-0.3899687272755826
3.0	2	15.0	top_draggy	55.0	6.0	166.0197745587188	69.24272749099953	21.75324440002441	0.20750402536533888	-1.9054405842283177	-0.9561017209865752
3.0	2	15.0	top_draggy	55.0	8.0	303.13416803311054	85.62050114577406	26.898473739624023	0.6295654796649642	-0.9989935383713657	-0.8435617234458261
3.0	2	15.0	top_draggy	55.0	10.0	461.2061795399102	102.895269883868	32.32550239562988	1.0768385691672058	-0.08518682784677706	-0.7288587465674015
3.0	2	15.0	top_draggy	55.0	12.0	679.2324549270311	122.02562798799546	38.33548164367676	1.5762662836526384	0.8438446210836257	-0.6096812730807137
3.0	2	15.0	bottom_lifty	45.0	6.0	169.15259818469798	69.22611647093807	21.74802589416504	0.2070776882156358	-1.9028965365688988	-0.7368842574531791
3.0	2	15.0	bottom_lifty	45.0	8.0	303.2767634461251	85.62050114577406	26.898473739624023	0.6296060246486427	-0.996313200625509	-0.6243042047395101
3.0	2	15.0	bottom_lifty	45.0	10.0	461.6794732110262	102.93679743402168	32.33854866027832	1.0780463194843388	-0.08216576488482594	-0.5095010899287856
3.0	2	15.0	bottom_lifty	45.0	12.0	680.152939448594	122.02839649133904	38.33635139465332	1.576384642325214	0.8465476738438888	-0.39041707851224433
3.0	2	15.0	bottom_lifty	55.0	6.0	168.92018781592716	69.15621176151271	21.72606468200684	0.20327176499268573	-1.9073500226035065	-0.9567653687776814
3.0	2	15.0	bottom_lifty	55.0	8.0	303.3350371589537	85.62050114577406	26.898473739624023	0.6277648970703408	-1.000193132546358	-0.8440167505446411
3.0	2	15.0	bottom_lifty	55.0	10.0	461.4592321317024	102.87935098964245	32.32050132751465	1.074590557861425	-0.08651703335460535	-0.729352159873598
3.0	2	15.0	bottom_lifty	55.0	12.0	679.8982338030487	122.01109334544168	38.330915451049805	1.574057179191306	0.8425257730830004	-0.6101713484558337
3.0	2	15.0	graded	45.0	6.0	174.75882461954012	69.13267948309229	21.71867179870605	0.20657967593167856	-1.9022386884809859	-0.7365671971144109
3.0	2	15.0	graded	45.0	8.0	314.1990550393592	85.62050114577406	26.898473739624023	0.6317342243649582	-0.994888720801384	-0.6237618340530673
3.0	2	15.0	graded	45.0	10.0	477.1286925466167	102.95202420241137	32.343332290649414	1.0806024944895876	-0.08061635248146644	-0.5089220020004995
3.0	2	15.0	graded	45.0	12.0	702.4354245358745	122.02839649133904	38.33635139465332	1.5785128420415295	0.8479721536680138	-0.3898747078258015
3.0	2	15.0	graded	55.0	6.0	171.7492020069003	69.24341961683542	21.753461837768555	0.20785109590925535	-1.9052100198255835	-0.956012708433409
3.0	2	15.0	graded	55.0	8.0	314.1217190137786	85.62050114577406	26.898473739624023	0.6298930967866563	-0.998768652722233	-0.8434743798581983
3.0	2	15.0	graded	55.0	10.0	476.76821020600136	102.87242973128348	32.31832695007324	1.076524223355498	-0.08514934106649628	-0.7288264788425385
3.0	2	15.0	graded	55.0	12.0	701.9418660645026	121.97233429863157	38.31873893737793	1.575095987263064	0.8436322427054374	-0.6097224398395373
3.0	3	15.0	uniform	45.0	6.0	247.6723304548758	66.95940435838317	21.03591728210449	0.14803647118532604	-2.0831033737477056	0.13395817775144708
3.0	3	15.0	uniform	45.0	8.0	470.9628652385408	83.03333477119995	26.085691452026367	0.5615578731285094	-1.1791493007218432	0.2457654994208692
3.0	3	15.0	uniform	45.0	10.0	717.7353951252105	99.43464070439488	31.23831367492676	0.9842807437837587	-0.2725091772424376	0.3583622417899215
3.0	3	15.0	uniform	45.0	12.0	1023.965065247672	115.75704429229783	36.36614799499512	1.4047859243054444	0.6334835683263886	0.47076872208760406
3.0	3	15.0	uniform	55.0	6.0	251.14758227297636	66.96148073589085	21.036569595336918	0.14625370387369716	-2.0869662694077493	-0.08574936115706894
3.0	3	15.0	uniform	55.0	8.0	470.89156291869085	83.04856153958963	26.09047508239746	0.5601447208391407	-1.1829043000634574	0.026089670857581456
3.0	3	15.0	uniform	55.0	10.0	716.2170318510261	99.28306514633395	31.19069480895996	0.9781793167383479	-0.27763275620203104	0.13828419253189614
3.0	3	15.0	uniform	55.0	12.0	1021.3801993553312	115.54110103149873	36.29830741882324	1.3968753289931795	0.6278318652818492	0.25053545903451413
3.0	3	15.0	top_draggy	45.0	6.0	251.7052965369968	69.20535269586122	21.74150276184082	0.2188170062985448	-2.0597085111214914	0.1412405282058536
3.0	3	15.0	top_draggy	45.0	8.0	459.89788794824494	85.62050114577406	26.898473739624023	0.6419289453982789	-1.1529548125700546	0.25387064988567243
3.0	3	15.0	top_draggy	45.0	10.0	699.5082764116427	102.895269883868	32.32550239562988	1.0892020349005205	-0.23914810204546585	0.3685736267640972
3.0	3	15.0	top_draggy	45.0	12.0	1019.5494390969682	122.02562798799546	38.33548164367676	1.5886297493859531	0.6898833468849369	0.487751100250785
3.0	3	15.0	top_draggy	55.0	6.0	248.8031233139197	69.24272749099953	21.75324440002441	0.21802636352035168	-2.0632817903478555	-0.07838189346020763
3.0	3	15.0	top_draggy	55.0	8.0	459.8412652368146	85.62050114577406	26.898473739624023	0.640087817819977	-1.1568347444909035	0.03415810408054143
3.0	3	15.0	top_draggy	55.0	10.0	698.9280711943957	102.895269883868	32.32550239562988	1.0873609073222186	-0.24302803396631498	0.1488610809589662
3.0	3	15.0	top_draggy	55.0	12.0	1017.0086167649008	122.02562798799546	38.33548164367676	1.5867886218076512	0.6860034149640878	0.268038554445654
3.0	3	15.0	bottom_lifty	45.0	6.0	251.8385789108672	69.16590152321523	21.729108810424805	0.2159075786371395	-2.0612317942517735	0.1406903700713538
3.0	3	15.0	bottom_lifty	45.0	8.0	460.5429487268598	85.62050114577406	26.898473739624023	0.6401283628036555	-1.1541544067450469	0.2534156227868574
3.0	3	15.0	bottom_lifty	45.0	10.0	701.164556396616	103.04753756776483	32.37333869934082	1.0916812051952303	-0.23909837042811227	0.36848577208371486
3.0	3	15.0	bottom_lifty	45.0	12.0	1021.1339104845764	122.02839649133904	38.33635139465332	1.5869069804802267	0.688706467724351	0.4873027490141233
3.0	3	15.0	bottom_lifty	55.0	6.0	248.33022855212303	69.22888497428164	21.7488956451416	0.21583671248124361	-2.064594959594879	-0.07887029986978919
3.0	3	15.0	bottom_lifty	55.0	8.0	460.39873345445255	85.62050114577406	26.898473739624023	0.6382872352253536	-1.1580343386658958	0.03370307698172644
3.0	3	15.0	bottom_lifty	55.0	10.0	699.7479937573122	102.78799037930436	32.291799545288086	1.0825450442828382	-0.2451078349495507	0.14814736420171012
3.0	3	15.0	bottom_lifty	55.0	12.0	1019.9908920795536	121.93634375516504	38.30743217468262	1.5824785477461005	0.6840712615744927	0.26736823079239436
3.0	3	15.0	graded	45.0	6.0	259.293106673542	69.15136688066144	21.72454261779785	0.21762725648674605	-2.0599265682532817	0.1411976924814917
3.0	3	15.0	graded	45.0	8.0	475.3023111185673	85.62050114577406	26.898473739624023	0.642256562519971	-1.152729926920922	0.2539579934733002
3.0	3	15.0	graded	45.0	10.0	722.1008128210813	103.000473010924	32.35855293273926	1.0924865722002974	-0.23806004584889423	0.36891465311355126
3.0	3	15.0	graded	45.0	12.0	1051.9792805110897	122.02839649133904	38.33635139465332	1.5890351801965423	0.6901309475484759	0.4878451197005661
3.0	3	15.0	graded	55.0	6.0	263.0834315931339	69.17766766242543	21.732805252075195	0.21652535895296526	-2.0635907075372706	-0.07845143263318284
3.0	3	15.0	graded	55.0	8.0	474.96040138142894	85.62050114577406	26.898473739624023	0.6404154349416691	-1.1566098588417708	0.03424544766816924
3.0	3	15.0	graded	55.0	10.0	720.8018171505821	102.7672266042275	32.28527641296387	1.0840896413324264	-0.243853717733473	0.148639665922003
3.0	3	15.0	graded	55.0	12.0	1049.830479932046	121.84567527066284	38.2789478302002	1.582058349151041	0.6847518246768118	0.26769196699331593
3.0	4	15.0	uniform	45.0	6.0	331.4612587186486	67.09021614136725	21.07701301574707	0.1622355061407207	-2.239871295436546	1.0119934397645591
3.0	4	15.0	uniform	45.0	8.0	627.6982482877058	83.03333477119995	26.085691452026367	0.5720802112835223	-1.3369905068413812	1.123485326947237
3.0	4	15.0	uniform	45.0	10.0	957.463565501876	99.5093902946715	31.261796951293945	0.9969040515389895	-0.4297370779730058	1.2362623175944287
3.0	4	15.0	uniform	45.0	12.0	1366.4174526680763	115.9030828436716	36.41202735900879	1.4194129345497724	0.47684057921678236	1.3488407013425594
3.0	4	15.0	uniform	55.0	6.0	333.5686828654044	66.96148073589085	21.036569595336918	0.15677604202871007	-2.2448074755272875	0.7919704663692987
3.0	4	15.0	uniform	55.0	8.0	627.4488688039005	83.04856153958963	26.09047508239746	0.5706670589941536	-1.3407455061829954	0.9038094983839491
3.0	4	15.0	uniform	55.0	10.0	953.6871180027284	99.28306514633395	31.19069480895996	0.9887016548933608	-0.43547396232156904	1.0160040200582636
3.0	4	15.0	uniform	55.0	12.0	1359.8821907688075	115.54110103149873	36.29830741882324	1.4073976671481925	0.4699906591623114	1.1282552865608817
3.0	4	15.0	top_draggy	45.0	6.0	333.7071468409472	69.20535269586122	21.74150276184082	0.22933934445355772	-2.217549717241029	1.0189603557322213
3.0	4	15.0	top_draggy	45.0	8.0	615.8702541824587	85.62050114577406	26.898473739624023	0.6524512835532918	-1.3107960186895926	1.1315904774120402
3.0	4	15.0	top_draggy	45.0	10.0	935.2678627668088	102.895269883868	32.32550239562988	1.0997243730555333	-0.3969893081650037	1.246293454290465
3.0	4	15.0	top_draggy	45.0	12.0	1357.5139446821256	122.02562798799546	38.33548164367676	1.5991520875409662	0.532042140765399	1.3654709277771528
3.0	4	15.0	top_draggy	55.0	6.0	339.8201314958106	69.25726213355333	21.75781059265137	0.22895722354207415	-2.22100374264176	0.7993729823424649
3.0	4	15.0	top_draggy	55.0	8.0	613.7707895478702	85.62050114577406	26.898473739624023	0.65061015597499	-1.3146759506104415	0.911877931606909
3.0	4	15.0	top_draggy	55.0	10.0	930.4798486413448	102.895269883868	32.32550239562988	1.0978832454772314	-0.40086924008585284	1.026580908485334
3.0	4	15.0	top_draggy	55.0	12.0	1348.5339460994733	122.02562798799546	38.33548164367676	1.5973109599626643	0.5281622088445499	1.1457583819720216
3.0	4	15.0	bottom_lifty	45.0	6.0	337.35922315589187	69.19843143750228	21.73932838439941	0.22734422763669165	-2.218806098952037	1.018488638978023
3.0	4	15.0	bottom_lifty	45.0	8.0	617.1568796113032	85.62050114577406	26.898473739624023	0.6506507009586684	-1.3119956128645849	1.1311354503132252
3.0	4	15.0	bottom_lifty	45.0	10.0	937.8716600471392	103.1278241647286	32.39856147766113	1.104460140328255	-0.3962808411298679	1.246399199612529
3.0	4	15.0	bottom_lifty	45.0	12.0	1361.261068391504	122.02839649133904	38.33635139465332	1.5974293186352395	0.5308652616048131	1.3650225765404913
3.0	4	15.0	bottom_lifty	55.0	6.0	334.0582803942226	69.17074640406649	21.73063087463379	0.2247249631694202	-2.2229131810169496	0.7987093345513587
3.0	4	15.0	bottom_lifty	55.0	8.0	616.4146583648796	85.62050114577406	26.898473739624023	0.6488095733803665	-1.3158755447854338	0.911422904508094
3.0	4	15.0	bottom_lifty	55.0	10.0	935.8150761444364	102.75130771000192	32.28027534484863	1.092036351059966	-0.403250015009972	1.0257787365545463
3.0	4	15.0	bottom_lifty	55.0	12.0	1358.0728375609108	121.85467290652949	38.28177452087402	1.590705382078653	0.5255599625299694	1.144891120385239
3.0	4	15.0	graded	45.0	6.0	347.031918176052	69.21642670923553	21.74498176574707	0.22997821633083754	-2.2172339715342715	1.0190744027684622
3.0	4	15.0	graded	45.0	8.0	635.8356398606925	85.62050114577406	26.898473739624023	0.6527789006749839	-1.31057113304046	1.1316778209996678
3.0	4	15.0	graded	45.0	10.0	961.8516432421984	103.0786832303801	32.38312339782715	1.1052071470666498	-0.3952595528114544	1.2468230737457502
3.0	4	15.0	graded	45.0	12.0	1412.4225341069098	122.02839649133904	38.33635139465332	1.5995575183515551	0.532289741428938	1.365564947226934
3.0	4	15.0	graded	55.0	6.0	345.7112956241822	69.09876531713346	21.708017349243168	0.22483000697441496	-2.222079291567388	0.7990781328218152
3.0	4	15.0	graded	55.0	8.0	634.9979710047685	85.62050114577406	26.898473739624023	0.650937773096682	-1.3144510649613088	0.9119652751945369
3.0	4	15.0	graded	55.0	10.0	959.926141319714	102.73123606076098	32.273969650268555	1.0936004015317786	-0.4019902190402927	1.0262727072403772
3.0	4	15.0	graded	55.0	12.0	1409.2764089642528	121.83044850227316	38.2741641998291	1.5921527120171202	0.5267856859780393	1.1453750772778402
