radius	n_rotors	profile	elevation	wind_speed	tension_with_snel	tension_without_snel	snel_boost_pct
1.5	1	uniform	45.0	6.0	0.0	0.0	0.0
1.5	1	uniform	45.0	8.0	0.0	0.0	0.0
1.5	1	uniform	45.0	10.0	0.0	0.0	0.0
1.5	1	uniform	45.0	12.0	5.046799349909449	5.046799349909449	0.0
1.5	1	uniform	55.0	6.0	0.0	0.0	0.0
1.5	1	uniform	55.0	8.0	0.0	0.0	0.0
1.5	1	uniform	55.0	10.0	0.0	0.0	0.0
1.5	1	uniform	55.0	12.0	5.046799349909449	5.046799349909449	0.0
1.5	1	top_draggy	45.0	6.0	0.0	0.0	0.0
1.5	1	top_draggy	45.0	8.0	0.0	0.0	0.0
1.5	1	top_draggy	45.0	10.0	0.0	0.0	0.0
1.5	1	top_draggy	45.0	12.0	5.046799349909449	5.046799349909449	0.0
1.5	1	top_draggy	55.0	6.0	0.0	0.0	0.0
1.5	1	top_draggy	55.0	8.0	0.0	0.0	0.0
1.5	1	top_draggy	55.0	10.0	0.0	0.0	0.0
1.5	1	top_draggy	55.0	12.0	5.046799349909449	5.046799349909449	0.0
1.5	1	bottom_lifty	45.0	6.0	0.0	0.0	0.0
1.5	1	bottom_lifty	45.0	8.0	0.0	0.0	0.0
1.5	1	bottom_lifty	45.0	10.0	0.0	0.0	0.0
1.5	1	bottom_lifty	45.0	12.0	5.046799349909449	5.046799349909449	0.0
1.5	1	bottom_lifty	55.0	6.0	0.0	0.0	0.0
1.5	1	bottom_lifty	55.0	8.0	0.0	0.0	0.0
1.5	1	bottom_lifty	55.0	10.0	0.0	0.0	0.0
1.5	1	bottom_lifty	55.0	12.0	5.046799349909449	5.046799349909449	0.0
1.5	1	graded	45.0	6.0	0.0	0.0	0.0
1.5	1	graded	45.0	8.0	0.0	0.0	0.0
1.5	1	graded	45.0	10.0	0.0	0.0	0.0
1.5	1	graded	45.0	12.0	5.046799349909449	5.046799349909449	0.0
1.5	1	graded	55.0	6.0	0.0	0.0	0.0
1.5	1	graded	55.0	8.0	0.0	0.0	0.0
1.5	1	graded	55.0	10.0	0.0	0.0	0.0
1.5	1	graded	55.0	12.0	5.046799349909449	5.046799349909449	0.0
1.5	2	uniform	45.0	6.0	0.0	0.0	0.0
1.5	2	uniform	45.0	8.0	0.0	0.0	0.0
1.5	2	uniform	45.0	10.0	0.0	0.0	0.0
1.5	2	uniform	45.0	12.0	18.95753455043011	18.95753455043011	0.0
1.5	2	uniform	55.0	6.0	0.0	0.0	0.0
1.5	2	uniform	55.0	8.0	0.0	0.0	0.0
1.5	2	uniform	55.0	10.0	0.0	0.0	0.0
1.5	2	uniform	55.0	12.0	18.957534550360876	18.957534550360876	0.0
1.5	2	top_draggy	45.0	6.0	0.0	0.0	0.0
1.5	2	top_draggy	45.0	8.0	0.0	0.0	0.0
1.5	2	top_draggy	45.0	10.0	0.0	0.0	0.0
1.5	2	top_draggy	45.0	12.0	18.95753455043011	18.95753455043011	0.0
1.5	2	top_draggy	55.0	6.0	0.0	0.0	0.0
1.5	2	top_draggy	55.0	8.0	0.0	0.0	0.0
1.5	2	top_draggy	55.0	10.0	0.0	0.0	0.0
1.5	2	top_draggy	55.0	12.0	18.957534550360876	18.957534550360876	0.0
1.5	2	bottom_lifty	45.0	6.0	0.0	0.0	0.0
1.5	2	bottom_lifty	45.0	8.0	0.0	0.0	0.0
1.5	2	bottom_lifty	45.0	10.0	0.0	0.0	0.0
1.5	2	bottom_lifty	45.0	12.0	18.95753455043011	18.95753455043011	0.0
1.5	2	bottom_lifty	55.0	6.0	0.0	0.0	0.0
1.5	2	bottom_lifty	55.0	8.0	0.0	0.0	0.0
1.5	2	bottom_lifty	55.0	10.0	0.0	0.0	0.0
1.5	2	bottom_lifty	55.0	12.0	18.957534550360876	18.957534550360876	0.0
1.5	2	graded	45.0	6.0	0.0	0.0	0.0
1.5	2	graded	45.0	8.0	0.0	0.0	0.0
1.5	2	graded	45.0	10.0	0.0	0.0	0.0
1.5	2	graded	45.0	12.0	18.95753455043011	18.95753455043011	0.0
1.5	2	graded	55.0	6.0	0.0	0.0	0.0
1.5	2	graded	55.0	8.0	0.0	0.0	0.0
1.5	2	graded	55.0	10.0	0.0	0.0	0.0
1.5	2	graded	55.0	12.0	18.957534550360876	18.957534550360876	0.0
1.5	3	uniform	45.0	6.0	0.0	0.0	0.0
1.5	3	uniform	45.0	8.0	0.0	0.0	0.0
1.5	3	uniform	45.0	10.0	0.0	0.0	0.0
1.5	3	uniform	45.0	12.0	35.47962287888383	35.47962287888383	0.0
1.5	3	uniform	55.0	6.0	0.0	0.0	0.0
1.5	3	uniform	55.0	8.0	0.0	0.0	0.0
1.5	3	uniform	55.0	10.0	0.0	0.0	0.0
1.5	3	uniform	55.0	12.0	35.47962287879442	35.47962287879442	0.0
1.5	3	top_draggy	45.0	6.0	0.0	0.0	0.0
1.5	3	top_draggy	45.0	8.0	0.0	0.0	0.0
1.5	3	top_draggy	45.0	10.0	0.0	0.0	0.0
1.5	3	top_draggy	45.0	12.0	35.47962287888383	35.47962287888383	0.0
1.5	3	top_draggy	55.0	6.0	0.0	0.0	0.0
1.5	3	top_draggy	55.0	8.0	0.0	0.0	0.0
1.5	3	top_draggy	55.0	10.0	0.0	0.0	0.0
1.5	3	top_draggy	55.0	12.0	35.47962287879442	35.47962287879442	0.0
1.5	3	bottom_lifty	45.0	6.0	0.0	0.0	0.0
1.5	3	bottom_lifty	45.0	8.0	0.0	0.0	0.0
1.5	3	bottom_lifty	45.0	10.0	0.0	0.0	0.0
1.5	3	bottom_lifty	45.0	12.0	35.47962287888383	35.47962287888383	0.0
1.5	3	bottom_lifty	55.0	6.0	0.0	0.0	0.0
1.5	3	bottom_lifty	55.0	8.0	0.0	0.0	0.0
1.5	3	bottom_lifty	55.0	10.0	0.0	0.0	0.0
1.5	3	bottom_lifty	55.0	12.0	35.47962287879442	35.47962287879442	0.0
1.5	3	graded	45.0	6.0	0.0	0.0	0.0
1.5	3	graded	45.0	8.0	0.0	0.0	0.0
1.5	3	graded	45.0	10.0	0.0	0.0	0.0
1.5	3	graded	45.0	12.0	35.47962287888383	35.47962287888383	0.0
1.5	3	graded	55.0	6.0	0.0	0.0	0.0
1.5	3	graded	55.0	8.0	0.0	0.0	0.0
1.5	3	graded	55.0	10.0	0.0	0.0	0.0
1.5	3	graded	55.0	12.0	35.47962287879442	35.47962287879442	0.0
1.5	4	uniform	45.0	6.0	0.0	0.0	0.0
1.5	4	uniform	45.0	8.0	0.0	0.0	0.0
1.5	4	uniform	45.0	10.0	0.0	0.0	0.0
1.5	4	uniform	45.0	12.0	52.75309551334713	52.75309551334713	0.0
1.5	4	uniform	55.0	6.0	0.0	0.0	0.0
1.5	4	uniform	55.0	8.0	0.0	0.0	0.0
1.5	4	uniform	55.0	10.0	0.0	0.0	0.0
1.5	4	uniform	55.0	12.0	52.753095513250265	52.753095513250265	0.0
1.5	4	top_draggy	45.0	6.0	0.0	0.0	0.0
1.5	4	top_draggy	45.0	8.0	0.0	0.0	0.0
1.5	4	top_draggy	45.0	10.0	0.0	0.0	0.0
1.5	4	top_draggy	45.0	12.0	52.75309551334713	52.75309551334713	0.0
1.5	4	top_draggy	55.0	6.0	0.0	0.0	0.0
1.5	4	top_draggy	55.0	8.0	0.0	0.0	0.0
1.5	4	top_draggy	55.0	10.0	0.0	0.0	0.0
1.5	4	top_draggy	55.0	12.0	52.753095513250265	52.753095513250265	0.0
1.5	4	bottom_lifty	45.0	6.0	0.0	0.0	0.0
1.5	4	bottom_lifty	45.0	8.0	0.0	0.0	0.0
1.5	4	bottom_lifty	45.0	10.0	0.0	0.0	0.0
1.5	4	bottom_lifty	45.0	12.0	52.75309551334713	52.75309551334713	0.0
1.5	4	bottom_lifty	55.0	6.0	0.0	0.0	0.0
1.5	4	bottom_lifty	55.0	8.0	0.0	0.0	0.0
1.5	4	bottom_lifty	55.0	10.0	0.0	0.0	0.0
1.5	4	bottom_lifty	55.0	12.0	52.753095513250265	52.753095513250265	0.0
1.5	4	graded	45.0	6.0	0.0	0.0	0.0
1.5	4	graded	45.0	8.0	0.0	0.0	0.0
1.5	4	graded	45.0	10.0	0.0	0.0	0.0
1.5	4	graded	45.0	12.0	52.75309551334713	52.75309551334713	0.0
1.5	4	graded	55.0	6.0	0.0	0.0	0.0
1.5	4	graded	55.0	8.0	0.0	0.0	0.0
1.5	4	graded	55.0	10.0	0.0	0.0	0.0
1.5	4	graded	55.0	12.0	52.753095513250265	52.753095513250265	0.0
2.0	1	uniform	45.0	6.0	0.0	0.0	0.0
2.0	1	uniform	45.0	8.0	89.81358720328751	90.38920233347275	-0.636818464291371
2.0	1	uniform	45.0	10.0	142.22451453925788	142.93451566102496	-0.49673175053873964
2.0	1	uniform	45.0	12.0	206.58309714009698	207.31852967359427	-0.35473555338018536
2.0	1	uniform	55.0	6.0	0.0	0.0	0.0
2.0	1	uniform	55.0	8.0	89.82984430061416	90.41055211960871	-0.6423009321149886
2.0	1	uniform	55.0	10.0	142.24744164827518	142.827009227164	-0.40578289920433386
2.0	1	uniform	55.0	12.0	206.64999734998398	207.38614240217635	-0.35496347232535475
2.0	1	top_draggy	45.0	6.0	0.0	0.0	0.0
2.0	1	top_draggy	45.0	8.0	89.81358720328751	90.38920233347275	-0.636818464291371
2.0	1	top_draggy	45.0	10.0	142.22451453925788	142.93451566102496	-0.49673175053873964
2.0	1	top_draggy	45.0	12.0	206.58309714009698	207.31852967359427	-0.35473555338018536
2.0	1	top_draggy	55.0	6.0	0.0	0.0	0.0
2.0	1	top_draggy	55.0	8.0	89.82984430061416	90.41055211960871	-0.6423009321149886
2.0	1	top_draggy	55.0	10.0	142.24744164827518	142.827009227164	-0.40578289920433386
2.0	1	top_draggy	55.0	12.0	206.64999734998398	207.38614240217635	-0.35496347232535475
2.0	1	bottom_lifty	45.0	6.0	0.0	0.0	0.0
2.0	1	bottom_lifty	45.0	8.0	89.81358720328751	90.38920233347275	-0.636818464291371
2.0	1	bottom_lifty	45.0	10.0	142.22451453925788	142.93451566102496	-0.49673175053873964
2.0	1	bottom_lifty	45.0	12.0	206.58309714009698	207.31852967359427	-0.35473555338018536
2.0	1	bottom_lifty	55.0	6.0	0.0	0.0	0.0
2.0	1	bottom_lifty	55.0	8.0	89.82984430061416	90.41055211960871	-0.6423009321149886
2.0	1	bottom_lifty	55.0	10.0	142.24744164827518	142.827009227164	-0.40578289920433386
2.0	1	bottom_lifty	55.0	12.0	206.64999734998398	207.38614240217635	-0.35496347232535475
2.0	1	graded	45.0	6.0	0.0	0.0	0.0
2.0	1	graded	45.0	8.0	89.81358720328751	90.38920233347275	-0.636818464291371
2.0	1	graded	45.0	10.0	142.22451453925788	142.93451566102496	-0.49673175053873964
2.0	1	graded	45.0	12.0	206.58309714009698	207.31852967359427	-0.35473555338018536
2.0	1	graded	55.0	6.0	0.0	0.0	0.0
2.0	1	graded	55.0	8.0	89.82984430061416	90.41055211960871	-0.6423009321149886
2.0	1	graded	55.0	10.0	142.24744164827518	142.827009227164	-0.40578289920433386
2.0	1	graded	55.0	12.0	206.64999734998398	207.38614240217635	-0.35496347232535475
2.0	2	uniform	45.0	6.0	39.997359006102435	40.151206070557194	-0.38316922332147446
2.0	2	uniform	45.0	8.0	179.6655352600437	180.82883826455662	-0.6433171919243256
2.0	2	uniform	45.0	10.0	284.40284752597944	285.80212754921934	-0.4895974831394212
2.0	2	uniform	45.0	12.0	413.2199312246369	414.6856015539797	-0.35344133576145226
2.0	2	uniform	55.0	6.0	39.99573360705102	40.151206070557194	-0.3872174181591506
2.0	2	uniform	55.0	8.0	179.6852891516268	180.85528766907	-0.6469252475405023
2.0	2	uniform	55.0	10.0	284.43138787791327	285.67699430971714	-0.43601916031553184
2.0	2	uniform	55.0	12.0	413.2787213651594	414.7490932046592	-0.3545208087469411
2.0	2	top_draggy	45.0	6.0	39.997359006102435	40.151206070557194	-0.38316922332147446
2.0	2	top_draggy	45.0	8.0	179.6655352600437	180.82883826455662	-0.6433171919243256
2.0	2	top_draggy	45.0	10.0	284.40284752597944	285.80212754921934	-0.4895974831394212
2.0	2	top_draggy	45.0	12.0	413.2199312246369	414.6856015539797	-0.35344133576145226
2.0	2	top_draggy	55.0	6.0	39.99573360705102	40.151206070557194	-0.3872174181591506
2.0	2	top_draggy	55.0	8.0	179.6852891516268	180.85528766907	-0.6469252475405023
2.0	2	top_draggy	55.0	10.0	284.43138787791327	285.67699430971714	-0.43601916031553184
2.0	2	top_draggy	55.0	12.0	413.2787213651594	414.7490932046592	-0.3545208087469411
2.0	2	bottom_lifty	45.0	6.0	39.997359006102435	40.151206070557194	-0.38316922332147446
2.0	2	bottom_lifty	45.0	8.0	179.6655352600437	180.82883826455662	-0.6433171919243256
2.0	2	bottom_lifty	45.0	10.0	284.40284752597944	285.80212754921934	-0.4895974831394212
2.0	2	bottom_lifty	45.0	12.0	413.2199312246369	414.6856015539797	-0.35344133576145226
2.0	2	bottom_lifty	55.0	6.0	39.99573360705102	40.151206070557194	-0.3872174181591506
2.0	2	bottom_lifty	55.0	8.0	179.6852891516268	180.85528766907	-0.6469252475405023
2.0	2	bottom_lifty	55.0	10.0	284.43138787791327	285.67699430971714	-0.43601916031553184
2.0	2	bottom_lifty	55.0	12.0	413.2787213651594	414.7490932046592	-0.3545208087469411
2.0	2	graded	45.0	6.0	39.997359006102435	40.151206070557194	-0.38316922332147446
2.0	2	graded	45.0	8.0	179.6655352600437	180.82883826455662	-0.6433171919243256
2.0	2	graded	45.0	10.0	284.40284752597944	285.80212754921934	-0.4895974831394212
2.0	2	graded	45.0	12.0	413.2199312246369	414.6856015539797	-0.35344133576145226
2.0	2	graded	55.0	6.0	39.99573360705102	40.151206070557194	-0.3872174181591506
2.0	2	graded	55.0	8.0	179.6852891516268	180.85528766907	-0.6469252475405023
2.0	2	graded	55.0	10.0	284.43138787791327	285.67699430971714	-0.43601916031553184
2.0	2	graded	55.0	12.0	413.2787213651594	414.7490932046592	-0.3545208087469411
2.0	3	uniform	45.0	6.0	79.97596021426838	80.48893291880142	-0.637320791729885
2.0	3	uniform	45.0	8.0	269.5260172585795	271.2797149283342	-0.6464536687595734
2.0	3	uniform	45.0	10.0	426.5398391817823	428.61719628309095	-0.48466489896419807
2.0	3	uniform	45.0	12.0	619.9789469955007	622.1552552011391	-0.3498014663453769
2.0	3	uniform	55.0	6.0	79.97539082524517	82.28220711823573	-2.8035420703722407
2.0	3	uniform	55.0	8.0	269.54668798303874	271.30780583199703	-0.6491217027676809
2.0	3	uniform	55.0	10.0	426.5748947194503	428.5248593056064	-0.4550411822819078
2.0	3	uniform	55.0	12.0	619.8306803370484	622.0369367172608	-0.3546825357117349
2.0	3	top_draggy	45.0	6.0	79.97596021426838	80.48893291880142	-0.637320791729885
2.0	3	top_draggy	45.0	8.0	269.5260172585795	271.2797149283342	-0.6464536687595734
2.0	3	top_draggy	45.0	10.0	426.5398391817823	428.61719628309095	-0.48466489896419807
2.0	3	top_draggy	45.0	12.0	619.9789469955007	622.1552552011391	-0.3498014663453769
2.0	3	top_draggy	55.0	6.0	79.97539082524517	82.28220711823573	-2.8035420703722407
2.0	3	top_draggy	55.0	8.0	269.54668798303874	271.30780583199703	-0.6491217027676809
2.0	3	top_draggy	55.0	10.0	426.5748947194503	428.5248593056064	-0.4550411822819078
2.0	3	top_draggy	55.0	12.0	619.8306803370484	622.0369367172608	-0.3546825357117349
2.0	3	bottom_lifty	45.0	6.0	79.97596021426838	80.48893291880142	-0.637320791729885
2.0	3	bottom_lifty	45.0	8.0	269.5260172585795	271.2797149283342	-0.6464536687595734
2.0	3	bottom_lifty	45.0	10.0	426.5398391817823	428.61719628309095	-0.48466489896419807
2.0	3	bottom_lifty	45.0	12.0	619.9789469955007	622.1552552011391	-0.3498014663453769
2.0	3	bottom_lifty	55.0	6.0	79.97539082524517	82.28220711823573	-2.8035420703722407
2.0	3	bottom_lifty	55.0	8.0	269.54668798303874	271.30780583199703	-0.6491217027676809
2.0	3	bottom_lifty	55.0	10.0	426.5748947194503	428.5248593056064	-0.4550411822819078
2.0	3	bottom_lifty	55.0	12.0	619.8306803370484	622.0369367172608	-0.3546825357117349
2.0	3	graded	45.0	6.0	79.97596021426838	80.48893291880142	-0.637320791729885
2.0	3	graded	45.0	8.0	269.5260172585795	271.2797149283342	-0.6464536687595734
2.0	3	graded	45.0	10.0	426.5398391817823	428.61719628309095	-0.48466489896419807
2.0	3	graded	45.0	12.0	619.9789469955007	622.1552552011391	-0.3498014663453769
2.0	3	graded	55.0	6.0	79.97539082524517	82.28220711823573	-2.8035420703722407
2.0	3	graded	55.0	8.0	269.54668798303874	271.30780583199703	-0.6491217027676809
2.0	3	graded	55.0	10.0	426.5748947194503	428.5248593056064	-0.4550411822819078
2.0	3	graded	55.0	12.0	619.8306803370484	622.0369367172608	-0.3546825357117349
2.0	4	uniform	45.0	6.0	122.78131380643056	121.66726005025572	0.9156561557436821
2.0	4	uniform	45.0	8.0	359.3841034254007	361.72970645913495	-0.6484408086619801
2.0	4	uniform	45.0	10.0	568.6000454261396	571.3335696879644	-0.4784462889722708
2.0	4	uniform	45.0	12.0	826.6895153311542	829.818846913382	-0.3771102083144705
2.0	4	uniform	55.0	6.0	122.9177048756015	123.42952146661004	-0.4146630278778123
2.0	4	uniform	55.0	8.0	359.40818409393466	361.7612272949225	-0.6504409603491117
2.0	4	uniform	55.0	10.0	568.5859588524662	571.3234239487824	-0.4791445583301727
2.0	4	uniform	55.0	12.0	826.353298928617	829.2882040560025	-0.35390653249751214
2.0	4	top_draggy	45.0	6.0	122.78131380643056	121.66726005025572	0.9156561557436821
2.0	4	top_draggy	45.0	8.0	359.3841034254007	361.72970645913495	-0.6484408086619801
2.0	4	top_draggy	45.0	10.0	568.6000454261396	571.3335696879644	-0.4784462889722708
2.0	4	top_draggy	45.0	12.0	826.6895153311542	829.818846913382	-0.3771102083144705
2.0	4	top_draggy	55.0	6.0	122.9177048756015	123.42952146661004	-0.4146630278778123
2.0	4	top_draggy	55.0	8.0	359.40818409393466	361.7612272949225	-0.6504409603491117
2.0	4	top_draggy	55.0	10.0	568.5859588524662	571.3234239487824	-0.4791445583301727
2.0	4	top_draggy	55.0	12.0	826.353298928617	829.2882040560025	-0.35390653249751214
2.0	4	bottom_lifty	45.0	6.0	122.78131380643056	121.66726005025572	0.9156561557436821
2.0	4	bottom_lifty	45.0	8.0	359.3841034254007	361.72970645913495	-0.6484408086619801
2.0	4	bottom_lifty	45.0	10.0	568.6000454261396	571.3335696879644	-0.4784462889722708
2.0	4	bottom_lifty	45.0	12.0	826.6895153311542	829.818846913382	-0.3771102083144705
2.0	4	bottom_lifty	55.0	6.0	122.9177048756015	123.42952146661004	-0.4146630278778123
2.0	4	bottom_lifty	55.0	8.0	359.40818409393466	361.7612272949225	-0.6504409603491117
2.0	4	bottom_lifty	55.0	10.0	568.5859588524662	571.3234239487824	-0.4791445583301727
2.0	4	bottom_lifty	55.0	12.0	826.353298928617	829.2882040560025	-0.35390653249751214
2.0	4	graded	45.0	6.0	122.78131380643056	121.66726005025572	0.9156561557436821
2.0	4	graded	45.0	8.0	359.3841034254007	361.72970645913495	-0.6484408086619801
2.0	4	graded	45.0	10.0	568.6000454261396	571.3335696879644	-0.4784462889722708
2.0	4	graded	45.0	12.0	826.6895153311542	829.818846913382	-0.3771102083144705
2.0	4	graded	55.0	6.0	122.9177048756015	123.42952146661004	-0.4146630278778123
2.0	4	graded	55.0	8.0	359.40818409393466	361.7612272949225	-0.6504409603491117
2.0	4	graded	55.0	10.0	568.5859588524662	571.3234239487824	-0.4791445583301727
2.0	4	graded	55.0	12.0	826.353298928617	829.2882040560025	-0.35390653249751214
3.0	1	uniform	45.0	6.0	80.40874719763548	84.33202397210486	-4.652179077033794
3.0	1	uniform	45.0	8.0	154.3971593540789	154.78930420225618	-0.2533410497568252
3.0	1	uniform	45.0	10.0	235.5169637230657	235.85270973171598	-0.1423541027076615
3.0	1	uniform	45.0	12.0	336.55484802901805	336.9031946975781	-0.10339666528622529
3.0	1	uniform	55.0	6.0	80.35050254564337	84.30647202254153	-4.692367480210096
3.0	1	uniform	55.0	8.0	154.52083590069117	154.8308430942452	-0.20022315151080203
3.0	1	uniform	55.0	10.0	235.50340814160637	235.83578832510096	-0.1409371265723269
3.0	1	uniform	55.0	12.0	336.58836566517436	336.9369705889054	-0.10346294831396698
3.0	1	top_draggy	45.0	6.0	80.40874719763548	84.33202397210486	-4.652179077033794
3.0	1	top_draggy	45.0	8.0	154.3971593540789	154.78930420225618	-0.2533410497568252
3.0	1	top_draggy	45.0	10.0	235.5169637230657	235.85270973171598	-0.1423541027076615
3.0	1	top_draggy	45.0	12.0	336.55484802901805	336.9031946975781	-0.10339666528622529
3.0	1	top_draggy	55.0	6.0	80.35050254564337	84.30647202254153	-4.692367480210096
3.0	1	top_draggy	55.0	8.0	154.52083590069117	154.8308430942452	-0.20022315151080203
3.0	1	top_draggy	55.0	10.0	235.50340814160637	235.83578832510096	-0.1409371265723269
3.0	1	top_draggy	55.0	12.0	336.58836566517436	336.9369705889054	-0.10346294831396698
3.0	1	bottom_lifty	45.0	6.0	80.40874719763548	84.33202397210486	-4.652179077033794
3.0	1	bottom_lifty	45.0	8.0	154.3971593540789	154.78930420225618	-0.2533410497568252
3.0	1	bottom_lifty	45.0	10.0	235.5169637230657	235.85270973171598	-0.1423541027076615
3.0	1	bottom_lifty	45.0	12.0	336.55484802901805	336.9031946975781	-0.10339666528622529
3.0	1	bottom_lifty	55.0	6.0	80.35050254564337	84.30647202254153	-4.692367480210096
3.0	1	bottom_lifty	55.0	8.0	154.52083590069117	154.8308430942452	-0.20022315151080203
3.0	1	bottom_lifty	55.0	10.0	235.50340814160637	235.83578832510096	-0.1409371265723269
3.0	1	bottom_lifty	55.0	12.0	336.58836566517436	336.9369705889054	-0.10346294831396698
3.0	1	graded	45.0	6.0	80.40874719763548	84.33202397210486	-4.652179077033794
3.0	1	graded	45.0	8.0	154.3971593540789	154.78930420225618	-0.2533410497568252
3.0	1	graded	45.0	10.0	235.5169637230657	235.85270973171598	-0.1423541027076615
3.0	1	graded	45.0	12.0	336.55484802901805	336.9031946975781	-0.10339666528622529
3.0	1	graded	55.0	6.0	80.35050254564337	84.30647202254153	-4.692367480210096
3.0	1	graded	55.0	8.0	154.52083590069117	154.8308430942452	-0.20022315151080203
3.0	1	graded	55.0	10.0	235.50340814160637	235.83578832510096	-0.1409371265723269
3.0	1	graded	55.0	12.0	336.58836566517436	336.9369705889054	-0.10346294831396698
3.0	2	uniform	45.0	6.0	161.02959646542558	165.4501350183756	-2.6718252919280134
3.0	2	uniform	45.0	8.0	308.8357957656682	309.556907895653	-0.23294977808341896
3.0	2	uniform	45.0	10.0	471.1095615680426	471.78058944854394	-0.14223304127151745
3.0	2	uniform	45.0	12.0	673.2797130015263	673.9727752739317	-0.10283238401191161
3.0	2	uniform	55.0	6.0	163.94809897627692	168.36942065053174	-2.6259647726838273
3.0	2	uniform	55.0	8.0	308.98982277716925	309.6068124281534	-0.1992816779919211
3.0	2	uniform	55.0	10.0	471.0377149047546	471.70859609795343	-0.14222365221844274
3.0	2	uniform	55.0	12.0	673.1307536906364	673.8317403405466	-0.10402992437784564
3.0	2	top_draggy	45.0	6.0	161.02959646542558	165.4501350183756	-2.6718252919280134
3.0	2	top_draggy	45.0	8.0	308.8357957656682	309.556907895653	-0.23294977808341896
3.0	2	top_draggy	45.0	10.0	471.1095615680426	471.78058944854394	-0.14223304127151745
3.0	2	top_draggy	45.0	12.0	673.2797130015263	673.9727752739317	-0.10283238401191161
3.0	2	top_draggy	55.0	6.0	163.94809897627692	168.36942065053174	-2.6259647726838273
3.0	2	top_draggy	55.0	8.0	308.98982277716925	309.6068124281534	-0.1992816779919211
3.0	2	top_draggy	55.0	10.0	471.0377149047546	471.70859609795343	-0.14222365221844274
3.0	2	top_draggy	55.0	12.0	673.1307536906364	673.8317403405466	-0.10402992437784564
3.0	2	bottom_lifty	45.0	6.0	161.02959646542558	165.4501350183756	-2.6718252919280134
3.0	2	bottom_lifty	45.0	8.0	308.8357957656682	309.556907895653	-0.23294977808341896
3.0	2	bottom_lifty	45.0	10.0	471.1095615680426	471.78058944854394	-0.14223304127151745
3.0	2	bottom_lifty	45.0	12.0	673.2797130015263	673.9727752739317	-0.10283238401191161
3.0	2	bottom_lifty	55.0	6.0	163.94809897627692	168.36942065053174	-2.6259647726838273
3.0	2	bottom_lifty	55.0	8.0	308.98982277716925	309.6068124281534	-0.1992816779919211
3.0	2	bottom_lifty	55.0	10.0	471.0377149047546	471.70859609795343	-0.14222365221844274
3.0	2	bottom_lifty	55.0	12.0	673.1307536906364	673.8317403405466	-0.10402992437784564
3.0	2	graded	45.0	6.0	161.02959646542558	165.4501350183756	-2.6718252919280134
3.0	2	graded	45.0	8.0	308.8357957656682	309.556907895653	-0.23294977808341896
3.0	2	graded	45.0	10.0	471.1095615680426	471.78058944854394	-0.14223304127151745
3.0	2	graded	45.0	12.0	673.2797130015263	673.9727752739317	-0.10283238401191161
3.0	2	graded	55.0	6.0	163.94809897627692	168.36942065053174	-2.6259647726838273
3.0	2	graded	55.0	8.0	308.98982277716925	309.6068124281534	-0.1992816779919211
3.0	2	graded	55.0	10.0	471.0377149047546	471.70859609795343	-0.14222365221844274
3.0	2	graded	55.0	12.0	673.1307536906364	673.8317403405466	-0.10402992437784564
3.0	3	uniform	45.0	6.0	244.9482234252177	249.7860514259546	-1.9367886930111557
3.0	3	uniform	45.0	8.0	463.23325171981935	464.3025922886307	-0.23031113471505393
3.0	3	uniform	45.0	10.0	706.7803292185199	707.9238980642318	-0.16153838694228576
3.0	3	uniform	45.0	12.0	1010.0875022861109	1011.1328057988485	-0.10337944795607609
3.0	3	uniform	55.0	6.0	249.1744719688547	249.3141288430305	-0.056016429884610905
3.0	3	uniform	55.0	8.0	463.41475717902534	464.33867005999497	-0.19897392583095647
3.0	3	uniform	55.0	10.0	706.6028283512572	707.6187921667266	-0.14357501902380213
3.0	3	uniform	55.0	12.0	1009.6232614429242	1010.6773062335229	-0.10429093283263709
3.0	3	top_draggy	45.0	6.0	244.9482234252177	249.7860514259546	-1.9367886930111557
3.0	3	top_draggy	45.0	8.0	463.23325171981935	464.3025922886307	-0.23031113471505393
3.0	3	top_draggy	45.0	10.0	706.7803292185199	707.9238980642318	-0.16153838694228576
3.0	3	top_draggy	45.0	12.0	1010.0875022861109	1011.1328057988485	-0.10337944795607609
3.0	3	top_draggy	55.0	6.0	249.1744719688547	249.3141288430305	-0.056016429884610905
3.0	3	top_draggy	55.0	8.0	463.41475717902534	464.33867005999497	-0.19897392583095647
3.0	3	top_draggy	55.0	10.0	706.6028283512572	707.6187921667266	-0.14357501902380213
3.0	3	top_draggy	55.0	12.0	1009.6232614429242	1010.6773062335229	-0.10429093283263709
3.0	3	bottom_lifty	45.0	6.0	244.9482234252177	249.7860514259546	-1.9367886930111557
3.0	3	bottom_lifty	45.0	8.0	463.23325171981935	464.3025922886307	-0.23031113471505393
3.0	3	bottom_lifty	45.0	10.0	706.7803292185199	707.9238980642318	-0.16153838694228576
3.0	3	bottom_lifty	45.0	12.0	1010.0875022861109	1011.1328057988485	-0.10337944795607609
3.0	3	bottom_lifty	55.0	6.0	249.1744719688547	249.3141288430305	-0.056016429884610905
3.0	3	bottom_lifty	55.0	8.0	463.41475717902534	464.33867005999497	-0.19897392583095647
3.0	3	bottom_lifty	55.0	10.0	706.6028283512572	707.6187921667266	-0.14357501902380213
3.0	3	bottom_lifty	55.0	12.0	1009.6232614429242	1010.6773062335229	-0.10429093283263709
3.0	3	graded	45.0	6.0	244.9482234252177	249.7860514259546	-1.9367886930111557
3.0	3	graded	45.0	8.0	463.23325171981935	464.3025922886307	-0.23031113471505393
3.0	3	graded	45.0	10.0	706.7803292185199	707.9238980642318	-0.16153838694228576
3.0	3	graded	45.0	12.0	1010.0875022861109	1011.1328057988485	-0.10337944795607609
3.0	3	graded	55.0	6.0	249.1744719688547	249.3141288430305	-0.056016429884610905
3.0	3	graded	55.0	8.0	463.41475717902534	464.33867005999497	-0.19897392583095647
3.0	3	graded	55.0	10.0	706.6028283512572	707.6187921667266	-0.14357501902380213
3.0	3	graded	55.0	12.0	1009.6232614429242	1010.6773062335229	-0.10429093283263709
3.0	4	uniform	45.0	6.0	328.9019137368648	330.6046314541507	-0.5150314167701081
3.0	4	uniform	45.0	8.0	617.5598775136507	619.0068419990664	-0.23375581451455132
3.0	4	uniform	45.0	10.0	942.5883597670822	943.9203756254924	-0.14111527760246662
3.0	4	uniform	45.0	12.0	1346.7862006244256	1348.1710404064142	-0.10271988794323418
3.0	4	uniform	55.0	6.0	333.09303791348214	333.54851949895647	-0.13655632054926753
3.0	4	uniform	55.0	8.0	617.7337059834372	618.9582160994702	-0.19783405150505612
3.0	4	uniform	55.0	10.0	942.0590240727946	943.4131413859462	-0.14353386165072035
3.0	4	uniform	55.0	12.0	1346.0751817768867	1347.4813594997324	-0.10435600559014989
3.0	4	top_draggy	45.0	6.0	328.9019137368648	330.6046314541507	-0.5150314167701081
3.0	4	top_draggy	45.0	8.0	617.5598775136507	619.0068419990664	-0.23375581451455132
3.0	4	top_draggy	45.0	10.0	942.5883597670822	943.9203756254924	-0.14111527760246662
3.0	4	top_draggy	45.0	12.0	1346.7862006244256	1348.1710404064142	-0.10271988794323418
3.0	4	top_draggy	55.0	6.0	333.09303791348214	333.54851949895647	-0.13655632054926753
3.0	4	top_draggy	55.0	8.0	617.7337059834372	618.9582160994702	-0.19783405150505612
3.0	4	top_draggy	55.0	10.0	942.0590240727946	943.4131413859462	-0.14353386165072035
3.0	4	top_draggy	55.0	12.0	1346.0751817768867	1347.4813594997324	-0.10435600559014989
3.0	4	bottom_lifty	45.0	6.0	328.9019137368648	330.6046314541507	-0.5150314167701081
3.0	4	bottom_lifty	45.0	8.0	617.5598775136507	619.0068419990664	-0.23375581451455132
3.0	4	bottom_lifty	45.0	10.0	942.5883597670822	943.9203756254924	-0.14111527760246662
3.0	4	bottom_lifty	45.0	12.0	1346.7862006244256	1348.1710404064142	-0.10271988794323418
3.0	4	bottom_lifty	55.0	6.0	333.09303791348214	333.54851949895647	-0.13655632054926753
3.0	4	bottom_lifty	55.0	8.0	617.7337059834372	618.9582160994702	-0.19783405150505612
3.0	4	bottom_lifty	55.0	10.0	942.0590240727946	943.4131413859462	-0.14353386165072035
3.0	4	bottom_lifty	55.0	12.0	1346.0751817768867	1347.4813594997324	-0.10435600559014989
3.0	4	graded	45.0	6.0	328.9019137368648	330.6046314541507	-0.5150314167701081
3.0	4	graded	45.0	8.0	617.5598775136507	619.0068419990664	-0.23375581451455132
3.0	4	graded	45.0	10.0	942.5883597670822	943.9203756254924	-0.14111527760246662
3.0	4	graded	45.0	12.0	1346.7862006244256	1348.1710404064142	-0.10271988794323418
3.0	4	graded	55.0	6.0	333.09303791348214	333.54851949895647	-0.13655632054926753
3.0	4	graded	55.0	8.0	617.7337059834372	618.9582160994702	-0.19783405150505612
3.0	4	graded	55.0	10.0	942.0590240727946	943.4131413859462	-0.14353386165072035
3.0	4	graded	55.0	12.0	1346.0751817768867	1347.4813594997324	-0.10435600559014989
