radius	n_rotors	spacing	profile	elevation	wind_speed	anchor_tension	autorotation_rpm	tip_speed_bem
1.5	1	15.0	uniform	45.0	6.0	0.0	9.549296585513721	1.5
1.5	1	15.0	uniform	45.0	8.0	0.0	9.549296585513721	1.5
1.5	1	15.0	uniform	45.0	10.0	2.1420510647273474	9.549296585513721	1.5
1.5	1	15.0	uniform	45.0	12.0	8.489004398844378	9.549296585513721	1.5
1.5	1	15.0	uniform	55.0	6.0	0.0	9.549296585513721	1.5
1.5	1	15.0	uniform	55.0	8.0	0.0	9.549296585513721	1.5
1.5	1	15.0	uniform	55.0	10.0	2.1420510647273474	9.549296585513721	1.5
1.5	1	15.0	uniform	55.0	12.0	8.489004398844378	9.549296585513721	1.5
1.5	1	15.0	top_draggy	45.0	6.0	0.0	9.549296585513721	1.5
1.5	1	15.0	top_draggy	45.0	8.0	0.0	9.549296585513721	1.5
1.5	1	15.0	top_draggy	45.0	10.0	2.1420510647273474	9.549296585513721	1.5
1.5	1	15.0	top_draggy	45.0	12.0	8.489004398844378	9.549296585513721	1.5
1.5	1	15.0	top_draggy	55.0	6.0	0.0	9.549296585513721	1.5
1.5	1	15.0	top_draggy	55.0	8.0	0.0	9.549296585513721	1.5
1.5	1	15.0	top_draggy	55.0	10.0	2.1420510647273474	9.549296585513721	1.5
1.5	1	15.0	top_draggy	55.0	12.0	8.489004398844378	9.549296585513721	1.5
1.5	1	15.0	bottom_lifty	45.0	6.0	0.0	9.549296585513721	1.5
1.5	1	15.0	bottom_lifty	45.0	8.0	0.0	9.549296585513721	1.5
1.5	1	15.0	bottom_lifty	45.0	10.0	2.1420510647273474	9.549296585513721	1.5
1.5	1	15.0	bottom_lifty	45.0	12.0	8.489004398844378	9.549296585513721	1.5
1.5	1	15.0	bottom_lifty	55.0	6.0	0.0	9.549296585513721	1.5
1.5	1	15.0	bottom_lifty	55.0	8.0	0.0	9.549296585513721	1.5
1.5	1	15.0	bottom_lifty	55.0	10.0	2.1420510647273474	9.549296585513721	1.5
1.5	1	15.0	bottom_lifty	55.0	12.0	8.489004398844378	9.549296585513721	1.5
1.5	1	15.0	graded	45.0	6.0	0.0	9.549296585513721	1.5
1.5	1	15.0	graded	45.0	8.0	0.0	9.549296585513721	1.5
1.5	1	15.0	graded	45.0	10.0	2.1420510647273474	9.549296585513721	1.5
1.5	1	15.0	graded	45.0	12.0	8.489004398844378	9.549296585513721	1.5
1.5	1	15.0	graded	55.0	6.0	0.0	9.549296585513721	1.5
1.5	1	15.0	graded	55.0	8.0	0.0	9.549296585513721	1.5
1.5	1	15.0	graded	55.0	10.0	2.1420510647273474	9.549296585513721	1.5
1.5	1	15.0	graded	55.0	12.0	8.489004398844378	9.549296585513721	1.5
1.5	2	15.0	uniform	45.0	6.0	0.0	9.549296585513721	1.5
1.5	2	15.0	uniform	45.0	8.0	0.0	9.549296585513721	1.5
1.5	2	15.0	uniform	45.0	10.0	4.284102129454695	9.549296585513721	1.5
1.5	2	15.0	uniform	45.0	12.0	27.454462150997145	9.549296585513721	1.5
1.5	2	15.0	uniform	55.0	6.0	0.0	9.549296585513721	1.5
1.5	2	15.0	uniform	55.0	8.0	0.0	9.549296585513721	1.5
1.5	2	15.0	uniform	55.0	10.0	4.284102129454695	9.549296585513721	1.5
1.5	2	15.0	uniform	55.0	12.0	27.45411688119691	9.549296585513721	1.5
1.5	2	15.0	top_draggy	45.0	6.0	0.0	9.549296585513721	1.5
1.5	2	15.0	top_draggy	45.0	8.0	0.0	9.549296585513721	1.5
1.5	2	15.0	top_draggy	45.0	10.0	2.858965388811022	9.549296585513721	1.5
1.5	2	15.0	top_draggy	45.0	12.0	25.50495431832727	9.549296585513721	1.5
1.5	2	15.0	top_draggy	55.0	6.0	0.0	9.549296585513721	1.5
1.5	2	15.0	top_draggy	55.0	8.0	0.0	9.549296585513721	1.5
1.5	2	15.0	top_draggy	55.0	10.0	2.858965388811022	9.549296585513721	1.5
1.5	2	15.0	top_draggy	55.0	12.0	23.65594471659648	9.549296585513721	1.5
1.5	2	15.0	bottom_lifty	45.0	6.0	0.0	9.549296585513721	1.5
1.5	2	15.0	bottom_lifty	45.0	8.0	0.0	9.549296585513721	1.5
1.5	2	15.0	bottom_lifty	45.0	10.0	0.23722761272262716	9.549296585513721	1.5
1.5	2	15.0	bottom_lifty	45.0	12.0	32.53626703536044	9.549296585513721	1.5
1.5	2	15.0	bottom_lifty	55.0	6.0	0.0	9.549296585513721	1.5
1.5	2	15.0	bottom_lifty	55.0	8.0	0.0	9.549296585513721	1.5
1.5	2	15.0	bottom_lifty	55.0	10.0	0.23722761272262716	9.549296585513721	1.5
1.5	2	15.0	bottom_lifty	55.0	12.0	32.53626622591123	9.549296585513721	1.5
1.5	2	15.0	graded	45.0	6.0	0.0	9.549296585513721	1.5
1.5	2	15.0	graded	45.0	8.0	0.0	9.549296585513721	1.5
1.5	2	15.0	graded	45.0	10.0	0.41491433331913896	9.549296585513721	1.5
1.5	2	15.0	graded	45.0	12.0	31.616275364373948	9.549296585513721	1.5
1.5	2	15.0	graded	55.0	6.0	0.0	9.549296585513721	1.5
1.5	2	15.0	graded	55.0	8.0	0.0	9.549296585513721	1.5
1.5	2	15.0	graded	55.0	10.0	0.41491433331913896	9.549296585513721	1.5
1.5	2	15.0	graded	55.0	12.0	31.616274586447737	9.549296585513721	1.5
1.5	3	15.0	uniform	45.0	6.0	0.0	9.549296585513721	1.5
1.5	3	15.0	uniform	45.0	8.0	0.0	9.549296585513721	1.5
1.5	3	15.0	uniform	45.0	10.0	6.426153194182042	9.549296585513721	1.5
1.5	3	15.0	uniform	45.0	12.0	49.54173065438181	9.549296585513721	1.5
1.5	3	15.0	uniform	55.0	6.0	0.0	9.549296585513721	1.5
1.5	3	15.0	uniform	55.0	8.0	0.0	9.549296585513721	1.5
1.5	3	15.0	uniform	55.0	10.0	6.426153194182042	9.549296585513721	1.5
1.5	3	15.0	uniform	55.0	12.0	49.541281820272474	9.549296585513721	1.5
1.5	3	15.0	top_draggy	45.0	6.0	0.0	9.549296585513721	1.5
1.5	3	15.0	top_draggy	45.0	8.0	0.0	9.549296585513721	1.5
1.5	3	15.0	top_draggy	45.0	10.0	5.001016453538369	9.549296585513721	1.5
1.5	3	15.0	top_draggy	45.0	12.0	47.81398361685035	9.549296585513721	1.5
1.5	3	15.0	top_draggy	55.0	6.0	0.0	9.549296585513721	1.5
1.5	3	15.0	top_draggy	55.0	8.0	0.0	9.549296585513721	1.5
1.5	3	15.0	top_draggy	55.0	10.0	5.001016453538369	9.549296585513721	1.5
1.5	3	15.0	top_draggy	55.0	12.0	45.878411606561755	9.549296585513721	1.5
1.5	3	15.0	bottom_lifty	45.0	6.0	0.0	9.549296585513721	1.5
1.5	3	15.0	bottom_lifty	45.0	8.0	0.0	9.549296585513721	1.5
1.5	3	15.0	bottom_lifty	45.0	10.0	2.3792786774499746	9.549296585513721	1.5
1.5	3	15.0	bottom_lifty	45.0	12.0	54.72371093353448	9.549296585513721	1.5
1.5	3	15.0	bottom_lifty	55.0	6.0	0.0	9.549296585513721	1.5
1.5	3	15.0	bottom_lifty	55.0	8.0	0.0	9.549296585513721	1.5
1.5	3	15.0	bottom_lifty	55.0	10.0	2.3792786774499746	9.549296585513721	1.5
1.5	3	15.0	bottom_lifty	55.0	12.0	54.723710421543586	9.549296585513721	1.5
1.5	3	15.0	graded	45.0	6.0	0.0	9.549296585513721	1.5
1.5	3	15.0	graded	45.0	8.0	0.0	9.549296585513721	1.5
1.5	3	15.0	graded	45.0	10.0	1.7201471271657596	9.549296585513721	1.5
1.5	3	15.0	graded	45.0	12.0	54.11138307113008	9.549296585513721	1.5
1.5	3	15.0	graded	55.0	6.0	0.0	9.549296585513721	1.5
1.5	3	15.0	graded	55.0	8.0	0.0	9.549296585513721	1.5
1.5	3	15.0	graded	55.0	10.0	1.7201471271657596	9.549296585513721	1.5
1.5	3	15.0	graded	55.0	12.0	54.11138216681146	9.549296585513721	1.5
1.5	4	15.0	uniform	45.0	6.0	0.0	9.549296585513721	1.5
1.5	4	15.0	uniform	45.0	8.0	0.0	9.549296585513721	1.5
1.5	4	15.0	uniform	45.0	10.0	8.56820425890939	9.549296585513721	1.5
1.5	4	15.0	uniform	45.0	12.0	72.53978558629579	9.549296585513721	1.5
1.5	4	15.0	uniform	55.0	6.0	0.0	9.549296585513721	1.5
1.5	4	15.0	uniform	55.0	8.0	0.0	9.549296585513721	1.5
1.5	4	15.0	uniform	55.0	10.0	8.56820425890939	9.549296585513721	1.5
1.5	4	15.0	uniform	55.0	12.0	72.5392981091444	9.549296585513721	1.5
1.5	4	15.0	top_draggy	45.0	6.0	0.0	9.549296585513721	1.5
1.5	4	15.0	top_draggy	45.0	8.0	0.0	9.549296585513721	1.5
1.5	4	15.0	top_draggy	45.0	10.0	6.686353250240941	9.549296585513721	1.5
1.5	4	15.0	top_draggy	45.0	12.0	70.79990044891201	9.549296585513721	1.5
1.5	4	15.0	top_draggy	55.0	6.0	0.0	9.549296585513721	1.5
1.5	4	15.0	top_draggy	55.0	8.0	0.0	9.549296585513721	1.5
1.5	4	15.0	top_draggy	55.0	10.0	6.686353250240941	9.549296585513721	1.5
1.5	4	15.0	top_draggy	55.0	12.0	68.8780803564567	9.549296585513721	1.5
1.5	4	15.0	bottom_lifty	45.0	6.0	0.0	9.549296585513721	1.5
1.5	4	15.0	bottom_lifty	45.0	8.0	0.0	9.549296585513721	1.5
1.5	4	15.0	bottom_lifty	45.0	10.0	4.064615474152546	9.549296585513721	1.5
1.5	4	15.0	bottom_lifty	45.0	12.0	77.56279902008842	9.549296585513721	1.5
1.5	4	15.0	bottom_lifty	55.0	6.0	0.0	9.549296585513721	1.5
1.5	4	15.0	bottom_lifty	55.0	8.0	0.0	9.549296585513721	1.5
1.5	4	15.0	bottom_lifty	55.0	10.0	4.064615474152546	9.549296585513721	1.5
1.5	4	15.0	bottom_lifty	55.0	12.0	77.56279937822575	9.549296585513721	1.5
1.5	4	15.0	graded	45.0	6.0	0.0	9.549296585513721	1.5
1.5	4	15.0	graded	45.0	8.0	0.0	9.549296585513721	1.5
1.5	4	15.0	graded	45.0	10.0	2.7793073835928013	9.549296585513721	1.5
1.5	4	15.0	graded	45.0	12.0	77.39674963103428	9.549296585513721	1.5
1.5	4	15.0	graded	55.0	6.0	0.0	9.549296585513721	1.5
1.5	4	15.0	graded	55.0	8.0	0.0	9.549296585513721	1.5
1.5	4	15.0	graded	55.0	10.0	2.7793073835928013	9.549296585513721	1.5
1.5	4	15.0	graded	55.0	12.0	77.3967488831436	9.549296585513721	1.5
2.0	1	15.0	uniform	45.0	6.0	0.0	9.549296585513721	2.0
2.0	1	15.0	uniform	45.0	8.0	92.57913621711623	123.9241564766111	25.954614639282227
2.0	1	15.0	uniform	45.0	10.0	145.73237088135008	146.91781528600004	30.77039527893066
2.0	1	15.0	uniform	45.0	12.0	210.9376610685794	170.0915907372617	35.62389945983887
2.0	1	15.0	uniform	55.0	6.0	0.0	9.549296585513721	2.0
2.0	1	15.0	uniform	55.0	8.0	92.5955880852773	123.93419230123156	25.956716537475586
2.0	1	15.0	uniform	55.0	10.0	145.755639410314	146.92890751321215	30.77271842956543
2.0	1	15.0	uniform	55.0	12.0	211.00563364586196	170.1180008020524	35.62943077087402
2.0	1	15.0	top_draggy	45.0	6.0	0.0	9.549296585513721	2.0
2.0	1	15.0	top_draggy	45.0	8.0	92.57913621711623	123.9241564766111	25.954614639282227
2.0	1	15.0	top_draggy	45.0	10.0	145.73237088135008	146.91781528600004	30.77039527893066
2.0	1	15.0	top_draggy	45.0	12.0	210.9376610685794	170.0915907372617	35.62389945983887
2.0	1	15.0	top_draggy	55.0	6.0	0.0	9.549296585513721	2.0
2.0	1	15.0	top_draggy	55.0	8.0	92.5955880852773	123.93419230123156	25.956716537475586
2.0	1	15.0	top_draggy	55.0	10.0	145.755639410314	146.92890751321215	30.77271842956543
2.0	1	15.0	top_draggy	55.0	12.0	211.00563364586196	170.1180008020524	35.62943077087402
2.0	1	15.0	bottom_lifty	45.0	6.0	0.0	9.549296585513721	2.0
2.0	1	15.0	bottom_lifty	45.0	8.0	92.57913621711623	123.9241564766111	25.954614639282227
2.0	1	15.0	bottom_lifty	45.0	10.0	145.73237088135008	146.91781528600004	30.77039527893066
2.0	1	15.0	bottom_lifty	45.0	12.0	210.9376610685794	170.0915907372617	35.62389945983887
2.0	1	15.0	bottom_lifty	55.0	6.0	0.0	9.549296585513721	2.0
2.0	1	15.0	bottom_lifty	55.0	8.0	92.5955880852773	123.93419230123156	25.956716537475586
2.0	1	15.0	bottom_lifty	55.0	10.0	145.755639410314	146.92890751321215	30.77271842956543
2.0	1	15.0	bottom_lifty	55.0	12.0	211.00563364586196	170.1180008020524	35.62943077087402
2.0	1	15.0	graded	45.0	6.0	0.0	9.549296585513721	2.0
2.0	1	15.0	graded	45.0	8.0	92.57913621711623	123.9241564766111	25.954614639282227
2.0	1	15.0	graded	45.0	10.0	145.73237088135008	146.91781528600004	30.77039527893066
2.0	1	15.0	graded	45.0	12.0	210.9376610685794	170.0915907372617	35.62389945983887
2.0	1	15.0	graded	55.0	6.0	0.0	9.549296585513721	2.0
2.0	1	15.0	graded	55.0	8.0	92.5955880852773	123.93419230123156	25.956716537475586
2.0	1	15.0	graded	55.0	10.0	145.755639410314	146.92890751321215	30.77271842956543
2.0	1	15.0	graded	55.0	12.0	211.00563364586196	170.1180008020524	35.62943077087402
2.0	2	15.0	uniform	45.0	6.0	41.86403623230765	98.23350185079423	20.573976516723633
2.0	2	15.0	uniform	45.0	8.0	185.19708725878053	123.94792553492275	25.959592819213867
2.0	2	15.0	uniform	45.0	10.0	291.41785574861143	146.91781528600004	30.77039527893066
2.0	2	15.0	uniform	45.0	12.0	421.9299299421576	170.11271878909426	35.62832450866699
2.0	2	15.0	uniform	55.0	6.0	42.08026215952646	98.44478236911995	20.618227005004883
2.0	2	15.0	uniform	55.0	8.0	185.2170806591455	123.95003834010599	25.96003532409668
2.0	2	15.0	uniform	55.0	10.0	291.44682894051516	146.92890751321215	30.77271842956543
2.0	2	15.0	uniform	55.0	12.0	421.98965888046155	170.1180008020524	35.62943077087402
2.0	2	15.0	top_draggy	45.0	6.0	24.823071828647816	103.17957878479952	21.609880447387695
2.0	2	15.0	top_draggy	45.0	8.0	89.21120257519405	127.54391995682663	26.712736129760742
2.0	2	15.0	top_draggy	45.0	10.0	265.3579031523514	151.25646072981885	31.67907905578613
2.0	2	15.0	top_draggy	45.0	12.0	393.63170376399705	178.39280230227953	37.36250114440918
2.0	2	15.0	top_draggy	55.0	6.0	0.0	9.549296585513721	2.0
2.0	2	15.0	top_draggy	55.0	8.0	89.21119181288108	127.54391995682663	26.712736129760742
2.0	2	15.0	top_draggy	55.0	10.0	265.18532953392435	151.2057534054207	31.668458938598633
2.0	2	15.0	top_draggy	55.0	12.0	393.5482360084733	178.37959726988416	37.3597354888916
2.0	2	15.0	bottom_lifty	45.0	6.0	47.3965725318868	103.32853155021915	21.641077041625977
2.0	2	15.0	bottom_lifty	45.0	8.0	97.71950853416084	129.09102155226677	27.036760330200195
2.0	2	15.0	bottom_lifty	45.0	10.0	290.0597370903388	155.5919369658628	32.58709907531738
2.0	2	15.0	bottom_lifty	45.0	12.0	431.0641779186584	181.89741790000753	38.096506118774414
2.0	2	15.0	bottom_lifty	55.0	6.0	49.39080254662117	103.32113673207775	21.639528274536133
2.0	2	15.0	bottom_lifty	55.0	8.0	159.52325426466697	127.76893370884352	26.759862899780273
2.0	2	15.0	bottom_lifty	55.0	10.0	290.1739472227173	155.59404977104606	32.587541580200195
2.0	2	15.0	bottom_lifty	55.0	12.0	430.98857784268273	181.89741790000753	38.096506118774414
2.0	2	15.0	graded	45.0	6.0	45.95350224074152	102.34290793222964	21.434648513793945
2.0	2	15.0	graded	45.0	8.0	184.50523656772344	128.60666096400504	26.93531608581543
2.0	2	15.0	graded	45.0	10.0	297.44806704038615	154.66547189300448	32.3930606842041
2.0	2	15.0	graded	45.0	12.0	441.48877004655253	180.82147186043377	37.87116050720215
2.0	2	15.0	graded	55.0	6.0	45.95350224815713	102.34290793222964	21.434648513793945
2.0	2	15.0	graded	55.0	8.0	166.45933873533704	127.54391995682663	26.712736129760742
2.0	2	15.0	graded	55.0	10.0	297.35714568178344	154.66335908782122	32.39261817932129
2.0	2	15.0	graded	55.0	12.0	441.577350309684	180.82094365913795	37.871049880981445
2.0	3	15.0	uniform	45.0	6.0	83.89751710548893	100.05632452264945	20.955747604370117
2.0	3	15.0	uniform	45.0	8.0	277.82367354963594	123.95320754788088	25.9606990814209
2.0	3	15.0	uniform	45.0	10.0	437.0613904945836	146.91781528600004	30.77039527893066
2.0	3	15.0	uniform	45.0	12.0	633.0463566548417	170.16078510701337	35.63839149475098
2.0	3	15.0	uniform	55.0	6.0	85.950682260571	99.93272541942889	20.929861068725586
2.0	3	15.0	uniform	55.0	8.0	277.84459712427133	123.9537357491767	25.9608097076416
2.0	3	15.0	uniform	55.0	10.0	437.09697420565516	146.92890751321215	30.77271842956543
2.0	3	15.0	uniform	55.0	12.0	632.895666641429	170.1180008020524	35.62943077087402
2.0	3	15.0	top_draggy	45.0	6.0	126.40952358311912	103.17957878479952	21.609880447387695
2.0	3	15.0	top_draggy	45.0	8.0	178.54015185653043	127.54391995682663	26.712736129760742
2.0	3	15.0	top_draggy	45.0	10.0	404.445250590695	151.25646072981885	31.67907905578613
2.0	3	15.0	top_draggy	45.0	12.0	595.4311292803508	178.39280230227953	37.36250114440918
2.0	3	15.0	top_draggy	55.0	6.0	38.48271012928072	98.58211470603167	20.646989822387695
2.0	3	15.0	top_draggy	55.0	8.0	178.54014187104787	127.54391995682663	26.712736129760742
2.0	3	15.0	top_draggy	55.0	10.0	404.3601193508972	151.23638908057794	31.674875259399418
2.0	3	15.0	top_draggy	55.0	12.0	595.2583242547544	178.37906906858836	37.3596248626709
2.0	3	15.0	bottom_lifty	45.0	6.0	89.84229416151098	105.1708976700195	22.026941299438477
2.0	3	15.0	bottom_lifty	45.0	8.0	193.3400067956198	129.3614606157237	27.093400955200195
2.0	3	15.0	bottom_lifty	45.0	10.0	441.67422912009715	155.75567936756525	32.62139320373536
2.0	3	15.0	bottom_lifty	45.0	12.0	651.1786204658607	182.2058874567631	38.16111183166504
2.0	3	15.0	bottom_lifty	55.0	6.0	94.01511832550483	105.05627798882779	22.0029354095459
2.0	3	15.0	bottom_lifty	55.0	8.0	253.8423932762797	129.10000097429563	27.038640975952152
2.0	3	15.0	bottom_lifty	55.0	10.0	441.78467311500526	155.7546229649736	32.621171951293945
2.0	3	15.0	bottom_lifty	55.0	12.0	651.0871829617445	182.2021900476924	38.16033744812012
2.0	3	15.0	graded	45.0	6.0	90.13747862628969	104.44197988179573	21.874277114868164
2.0	3	15.0	graded	45.0	8.0	281.7675132885049	128.58606111346828	26.931001663208008
2.0	3	15.0	graded	45.0	10.0	449.2380944665584	154.76318913273013	32.41352653503418
2.0	3	15.0	graded	45.0	12.0	664.1476395724198	181.03380878135113	37.915632247924805
2.0	3	15.0	graded	55.0	6.0	90.2316290211655	104.56135337464977	21.89927864074707
2.0	3	15.0	graded	55.0	8.0	258.11259405915564	128.2554071022885	26.861749649047848
2.0	3	15.0	graded	55.0	10.0	449.14526472794535	154.76107632754687	32.41308403015137
2.0	3	15.0	graded	55.0	12.0	664.1470379750522	180.99789109323575	37.90810966491699
2.0	4	15.0	uniform	45.0	6.0	126.86797329935324	100.98595880328264	21.150449752807617
2.0	4	15.0	uniform	45.0	8.0	370.4478419386556	123.95320754788088	25.9606990814209
2.0	4	15.0	uniform	45.0	10.0	582.6269765102454	146.91781528600004	30.77039527893066
2.0	4	15.0	uniform	45.0	12.0	844.1135479570665	170.16025690571755	35.63828086853027
2.0	4	15.0	uniform	55.0	6.0	130.75893236454698	100.82908301842579	21.11759376525879
2.0	4	15.0	uniform	55.0	8.0	370.47221579364344	123.9537357491767	25.9608097076416
2.0	4	15.0	uniform	55.0	10.0	582.6126863193409	146.88929241602608	30.764421463012695
2.0	4	15.0	uniform	55.0	12.0	843.7718676751936	170.10902138002356	35.62755012512207
2.0	4	15.0	top_draggy	45.0	6.0	168.3348062069926	103.17957878479952	21.609880447387695
2.0	4	15.0	top_draggy	45.0	8.0	266.21727634118633	127.54391995682663	26.712736129760742
2.0	4	15.0	top_draggy	45.0	10.0	542.7173714518418	151.25646072981885	31.67907905578613
2.0	4	15.0	top_draggy	45.0	12.0	795.641657251526	178.39280230227953	37.36250114440918
2.0	4	15.0	top_draggy	55.0	6.0	61.257772991301124	98.49284868703906	20.628293991088867
2.0	4	15.0	top_draggy	55.0	8.0	266.2219481300142	127.54391995682663	26.712736129760742
2.0	4	15.0	top_draggy	55.0	10.0	542.6460558138226	151.22899426243652	31.67332649230957
2.0	4	15.0	top_draggy	55.0	12.0	794.8687952439059	178.37906906858836	37.3596248626709
2.0	4	15.0	bottom_lifty	45.0	6.0	135.89839104104257	105.66370947901426	22.130155563354492
2.0	4	15.0	bottom_lifty	45.0	8.0	287.9479216216719	129.39473729736	27.100370407104492
2.0	4	15.0	bottom_lifty	45.0	10.0	589.0902703827237	155.84124797748717	32.639314651489265
2.0	4	15.0	bottom_lifty	45.0	12.0	870.1075838981278	182.3279019560962	38.18666648864746
2.0	4	15.0	bottom_lifty	55.0	6.0	138.20610202714715	105.73448845265338	22.14497947692871
2.0	4	15.0	bottom_lifty	55.0	8.0	348.1888744352747	129.36938363516091	27.095060348510742
2.0	4	15.0	bottom_lifty	55.0	10.0	589.207326710233	155.83702236712065	32.63842964172363
2.0	4	15.0	bottom_lifty	55.0	12.0	869.9390580431703	182.2983226835306	38.180471420288086
2.0	4	15.0	graded	45.0	6.0	138.99029052583333	105.04835496939057	22.00127601623535
2.0	4	15.0	graded	45.0	8.0	377.8257025458663	128.5681022694106	26.9272403717041
2.0	4	15.0	graded	45.0	10.0	600.3877136729042	154.81495285971994	32.424367904663086
2.0	4	15.0	graded	45.0	12.0	885.8572959861141	181.14525925476795	37.938974380493164
2.0	4	15.0	graded	55.0	6.0	139.08263041756726	105.15874904021577	22.024396896362305
2.0	4	15.0	graded	55.0	8.0	353.75215660328	128.53429738647847	26.9201602935791
2.0	4	15.0	graded	55.0	10.0	600.2672619709082	154.8054452363953	32.42237663269043
2.0	4	15.0	graded	55.0	12.0	885.6199973105679	181.0110961256311	37.91087532043457
3.0	1	15.0	uniform	45.0	6.0	82.48890931703657	66.80921305199404	20.98873329162598
3.0	1	15.0	uniform	45.0	8.0	157.08215843540117	83.03333477119995	26.085691452026367
3.0	1	15.0	uniform	45.0	10.0	238.90991659149887	99.27337538463144	31.187650680541992
3.0	1	15.0	uniform	45.0	12.0	340.7781500938117	115.53141126979618	36.29526329040527
3.0	1	15.0	uniform	55.0	6.0	82.43054505533814	66.7877571510813	20.981992721557617
3.0	1	15.0	uniform	55.0	8.0	157.20668014190153	83.0644804338152	26.095476150512695
3.0	1	15.0	uniform	55.0	10.0	238.89624553915363	99.27060688128786	31.18678092956543
3.0	1	15.0	uniform	55.0	12.0	340.8119988279227	115.53694827648334	36.2970027923584
3.0	1	15.0	top_draggy	45.0	6.0	82.48890931703657	66.80921305199404	20.98873329162598
3.0	1	15.0	top_draggy	45.0	8.0	157.08215843540117	83.03333477119995	26.085691452026367
3.0	1	15.0	top_draggy	45.0	10.0	238.90991659149887	99.27337538463144	31.187650680541992
3.0	1	15.0	top_draggy	45.0	12.0	340.7781500938117	115.53141126979618	36.29526329040527
3.0	1	15.0	top_draggy	55.0	6.0	82.43054505533814	66.7877571510813	20.981992721557617
3.0	1	15.0	top_draggy	55.0	8.0	157.20668014190153	83.0644804338152	26.095476150512695
3.0	1	15.0	top_draggy	55.0	10.0	238.89624553915363	99.27060688128786	31.18678092956543
3.0	1	15.0	top_draggy	55.0	12.0	340.8119988279227	115.53694827648334	36.2970027923584
3.0	1	15.0	bottom_lifty	45.0	6.0	82.48890931703657	66.80921305199404	20.98873329162598
3.0	1	15.0	bottom_lifty	45.0	8.0	157.08215843540117	83.03333477119995	26.085691452026367
3.0	1	15.0	bottom_lifty	45.0	10.0	238.90991659149887	99.27337538463144	31.187650680541992
3.0	1	15.0	bottom_lifty	45.0	12.0	340.7781500938117	115.53141126979618	36.29526329040527
3.0	1	15.0	bottom_lifty	55.0	6.0	82.43054505533814	66.7877571510813	20.981992721557617
3.0	1	15.0	bottom_lifty	55.0	8.0	157.20668014190153	83.0644804338152	26.095476150512695
3.0	1	15.0	bottom_lifty	55.0	10.0	238.89624553915363	99.27060688128786	31.18678092956543
3.0	1	15.0	bottom_lifty	55.0	12.0	340.8119988279227	115.53694827648334	36.2970027923584
3.0	1	15.0	graded	45.0	6.0	82.48890931703657	66.80921305199404	20.98873329162598
3.0	1	15.0	graded	45.0	8.0	157.08215843540117	83.03333477119995	26.085691452026367
3.0	1	15.0	graded	45.0	10.0	238.90991659149887	99.27337538463144	31.187650680541992
3.0	1	15.0	graded	45.0	12.0	340.7781500938117	115.53141126979618	36.29526329040527
3.0	1	15.0	graded	55.0	6.0	82.43054505533814	66.7877571510813	20.981992721557617
3.0	1	15.0	graded	55.0	8.0	157.20668014190153	83.0644804338152	26.095476150512695
3.0	1	15.0	graded	55.0	10.0	238.89624553915363	99.27060688128786	31.18678092956543
3.0	1	15.0	graded	55.0	12.0	340.8119988279227	115.53694827648334	36.2970027923584
3.0	2	15.0	uniform	45.0	6.0	169.48819529705446	67.09021614136725	21.07701301574707
3.0	2	15.0	uniform	45.0	8.0	314.20608169384604	83.04371665873836	26.088953018188477
3.0	2	15.0	uniform	45.0	10.0	477.8961384733305	99.28860215302112	31.192434310913086
3.0	2	15.0	uniform	45.0	12.0	681.727954813457	115.55978842906786	36.30417823791504
3.0	2	15.0	uniform	55.0	6.0	168.1082671099543	66.80298391947098	20.98677635192871
3.0	2	15.0	uniform	55.0	8.0	314.36116326888543	83.0644804338152	26.095476150512695
3.0	2	15.0	uniform	55.0	10.0	477.82366288726354	99.27683601381091	31.188737869262695
3.0	2	15.0	uniform	55.0	12.0	681.5775683970608	115.53694827648334	36.2970027923584
3.0	2	15.0	top_draggy	45.0	6.0	159.8718643993081	69.20535269586122	21.74150276184082
3.0	2	15.0	top_draggy	45.0	8.0	285.0486294145855	85.62050114577406	26.898473739624023
3.0	2	15.0	top_draggy	45.0	10.0	432.40742079608117	102.89873051304748	32.326589584350586
3.0	2	15.0	top_draggy	45.0	12.0	635.6572037397857	122.0193988554724	38.33352470397949
3.0	2	15.0	top_draggy	55.0	6.0	156.7277285953371	69.24272749099953	21.75324440002441
3.0	2	15.0	top_draggy	55.0	8.0	285.02846581155836	85.62050114577406	26.898473739624023
3.0	2	15.0	top_draggy	55.0	10.0	432.3594395734174	102.89596200970391	32.32571983337402
3.0	2	15.0	top_draggy	55.0	12.0	635.4442990383592	122.02562798799546	38.33548164367676
3.0	2	15.0	bottom_lifty	45.0	6.0	173.97534681239472	71.0630184394024	22.325105667114258
3.0	2	15.0	bottom_lifty	45.0	8.0	305.55550763735664	87.57160387716101	27.511430740356445
3.0	2	15.0	bottom_lifty	45.0	10.0	476.7317838774619	106.00360701287077	33.30201530456543
3.0	2	15.0	bottom_lifty	45.0	12.0	698.6322176987771	124.4536054203138	39.09825325012207
3.0	2	15.0	bottom_lifty	55.0	6.0	170.14675261488296	70.93843578894136	22.285966873168945
3.0	2	15.0	bottom_lifty	55.0	8.0	305.6343503864316	87.5722960029969	27.511648178100586
3.0	2	15.0	bottom_lifty	55.0	10.0	476.90220790715034	106.00291488703488	33.30179786682129
3.0	2	15.0	bottom_lifty	55.0	12.0	698.6738658865153	124.45222116864201	39.09781837463379
3.0	2	15.0	graded	45.0	6.0	178.42747400214057	70.54669256582501	22.162897109985355
3.0	2	15.0	graded	45.0	8.0	314.51482068960513	87.03728273185035	27.343568801879883
3.0	2	15.0	graded	45.0	10.0	489.128695637225	105.3689276213554	33.10262489318848
3.0	2	15.0	graded	45.0	12.0	716.4664649444269	123.73863943183466	38.873640060424805
3.0	2	15.0	graded	55.0	6.0	178.8041090990277	70.66573820959889	22.20029640197754
3.0	2	15.0	graded	55.0	8.0	314.4080416217523	87.03589848017856	27.3431339263916
3.0	2	15.0	graded	55.0	10.0	489.0332268477722	105.36062211132467	33.10001564025879
3.0	2	15.0	graded	55.0	12.0	716.2647320031817	123.71718353092193	38.866899490356445
3.0	3	15.0	uniform	45.0	6.0	252.1897692862445	67.09021614136725	21.07701301574707
3.0	3	15.0	uniform	45.0	8.0	471.2885437417025	83.04371665873836	26.088953018188477
3.0	3	15.0	uniform	45.0	10.0	716.9612014546744	99.29759978888775	31.195261001586914
3.0	3	15.0	uniform	45.0	12.0	1022.7614821381756	115.57778370080112	36.309831619262695
3.0	3	15.0	uniform	55.0	6.0	250.52349268232126	66.89711303315265	21.016347885131836
3.0	3	15.0	uniform	55.0	8.0	471.4712915307144	83.0644804338152	26.095476150512695
3.0	3	15.0	uniform	55.0	10.0	716.782156856342	99.28514152384165	31.191347122192383
3.0	3	15.0	uniform	55.0	12.0	1022.2927739048637	115.54179315733461	36.29852485656738
3.0	3	15.0	top_draggy	45.0	6.0	242.961366092464	69.20535269586122	21.74150276184082
3.0	3	15.0	top_draggy	45.0	8.0	436.2635664371861	85.62050114577406	26.898473739624023
3.0	3	15.0	top_draggy	45.0	10.0	660.3296507184098	102.89873051304748	32.326589584350586
3.0	3	15.0	top_draggy	45.0	12.0	962.3367120959622	122.02632011383135	38.3356990814209
3.0	3	15.0	top_draggy	55.0	6.0	239.80261185566266	69.24272749099953	21.75324440002441
3.0	3	15.0	top_draggy	55.0	8.0	436.2242820074016	85.62050114577406	26.898473739624023
3.0	3	15.0	top_draggy	55.0	10.0	660.1488415371045	102.89526988386801	32.32550239562988
3.0	3	15.0	top_draggy	55.0	12.0	961.5413986213186	122.02562798799546	38.33548164367676
3.0	3	15.0	bottom_lifty	45.0	6.0	262.6302393766391	71.0249515184282	22.313146591186523
3.0	3	15.0	bottom_lifty	45.0	8.0	469.184920951703	87.63458732822741	27.531217575073242
3.0	3	15.0	bottom_lifty	45.0	10.0	724.1797219889713	106.17248571682906	33.35507011413574
3.0	3	15.0	bottom_lifty	45.0	12.0	1055.4012181040885	124.71592111211787	39.18066215515137
3.0	3	15.0	bottom_lifty	55.0	6.0	259.0755556825395	71.00972475003852	22.30836296081543
3.0	3	15.0	bottom_lifty	55.0	8.0	469.26709695709917	87.63389520239151	27.5310001373291
3.0	3	15.0	bottom_lifty	55.0	10.0	724.2658531059885	106.1544904450958	33.349416732788086
3.0	3	15.0	bottom_lifty	55.0	12.0	1055.270812976011	124.68823607868208	39.17196464538574
3.0	3	15.0	graded	45.0	6.0	265.9598059374649	70.71211064060383	22.21486473083496
3.0	3	15.0	graded	45.0	8.0	480.1160397921516	87.05458587774771	27.3490047454834
3.0	3	15.0	graded	45.0	10.0	736.3748040482096	105.47551500008318	33.13611030578613
3.0	3	15.0	graded	45.0	12.0	1089.1638878886579	123.88883073822379	38.92082405090332
3.0	3	15.0	graded	55.0	6.0	265.96321449703026	70.71003426309613	22.214212417602536
3.0	3	15.0	graded	55.0	8.0	479.993162802909	87.05181737440414	27.348134994506836
3.0	3	15.0	graded	55.0	10.0	736.2823849560612	105.44782996664739	33.12741279602051
3.0	3	15.0	graded	55.0	12.0	1088.6195451112044	123.81546539961896	38.897775650024414
3.0	4	15.0	uniform	45.0	6.0	334.84431675913106	67.09021614136725	21.07701301574707
3.0	4	15.0	uniform	45.0	8.0	628.29970174456	83.04371665873836	26.088953018188477
3.0	4	15.0	uniform	45.0	10.0	956.1647377680843	99.33220608068248	31.206132888793945
3.0	4	15.0	uniform	45.0	12.0	1363.6848373554928	115.58539708499598	36.31222343444824
3.0	4	15.0	uniform	55.0	6.0	336.35495639739304	66.89711303315265	21.016347885131836
3.0	4	15.0	uniform	55.0	8.0	628.4747301270856	83.04786941375373	26.09025764465332
3.0	4	15.0	uniform	55.0	10.0	955.6307934010606	99.28237302049807	31.19047737121582
3.0	4	15.0	uniform	55.0	12.0	1362.9670216931318	115.54110103149871	36.29830741882324
3.0	4	15.0	top_draggy	45.0	6.0	324.68178081482813	69.20535269586122	21.74150276184082
3.0	4	15.0	top_draggy	45.0	8.0	584.5468894384883	85.62050114577406	26.898473739624023
3.0	4	15.0	top_draggy	45.0	10.0	887.2484604021568	102.89873051304748	32.326589584350586
3.0	4	15.0	top_draggy	45.0	12.0	1285.1657708864198	122.02562798799546	38.33548164367676
3.0	4	15.0	top_draggy	55.0	6.0	318.3505586059828	69.24272749099953	21.75324440002441
3.0	4	15.0	top_draggy	55.0	8.0	584.469416556234	85.62050114577406	26.898473739624023
3.0	4	15.0	top_draggy	55.0	10.0	886.5209448645845	102.89526988386801	32.32550239562988
3.0	4	15.0	top_draggy	55.0	12.0	1283.9464300467919	122.02562798799546	38.33548164367676
3.0	4	15.0	bottom_lifty	45.0	6.0	347.804250588326	71.07201607526903	22.32793235778809
3.0	4	15.0	bottom_lifty	45.0	8.0	629.7686353350566	87.65050622245299	27.536218643188477
3.0	4	15.0	bottom_lifty	45.0	10.0	968.6709874822147	106.26038569798769	33.3826847076416
3.0	4	15.0	bottom_lifty	45.0	12.0	1421.8013307638464	124.81143447747132	39.21066856384277
3.0	4	15.0	bottom_lifty	55.0	6.0	351.4186708118201	71.05540505520756	22.32271385192871
3.0	4	15.0	bottom_lifty	55.0	8.0	629.8450046805006	87.64773771910941	27.535348892211914
3.0	4	15.0	bottom_lifty	55.0	10.0	968.3953557713007	106.1807912268598	33.35767936706543
3.0	4	15.0	bottom_lifty	55.0	12.0	1420.9957263749516	124.70346284707176	39.176748275756836
3.0	4	15.0	graded	45.0	6.0	356.38443719770714	70.69203899136288	22.208559036254883
3.0	4	15.0	graded	45.0	8.0	642.685342876955	87.06635201695792	27.35270118713379
3.0	4	15.0	graded	45.0	10.0	987.448167242431	105.50873704020611	33.14654731750488
3.0	4	15.0	graded	45.0	12.0	1449.0353036207705	123.93520316922873	38.93539237976074
3.0	4	15.0	graded	55.0	6.0	353.15536528437565	70.70103662722951	22.21138572692871
3.0	4	15.0	graded	55.0	8.0	642.4953229823353	87.04766461938877	27.346830368041992
3.0	4	15.0	graded	55.0	10.0	987.0632870158056	105.44021658245255	33.12502098083496
3.0	4	15.0	graded	55.0	12.0	1448.2592562692234	123.8362291746958	38.90429878234863
